id,firstname,lastname,email,email2,dateofJoin
100,Carree,Faso,Carree.Faso@yopmail.com,Carree.Faso@gmail.com,2018-05-08
101,Neila,Chaing,Neila.Chaing@yopmail.com,Neila.Chaing@gmail.com,2015-07-08
102,Cherrita,Alabaster,Cherrita.Alabaster@yopmail.com,Cherrita.Alabaster@gmail.com,2018-07-15
103,Gwenneth,Clara,Gwenneth.Clara@yopmail.com,Gwenneth.Clara@gmail.com,2015-10-11
104,Elka,Radu,Elka.Radu@yopmail.com,Elka.Radu@gmail.com,2018-03-09
105,Gale,Publia,Gale.Publia@yopmail.com,Gale.Publia@gmail.com,2018-11-22
106,Nerta,Cecile,Nerta.Cecile@yopmail.com,Nerta.Cecile@gmail.com,2015-04-17
107,Amara,Maxi,Amara.Maxi@yopmail.com,Amara.Maxi@gmail.com,2019-08-27
108,Olwen,Mendez,Olwen.Mendez@yopmail.com,Olwen.Mendez@gmail.com,2015-02-28
109,Joceline,Milson,Joceline.Milson@yopmail.com,Joceline.Milson@gmail.com,2018-03-26
110,Jinny,Kristi,Jinny.Kristi@yopmail.com,Jinny.Kristi@gmail.com,2015-11-27
111,Darci,Ashok,Darci.Ashok@yopmail.com,Darci.Ashok@gmail.com,2015-03-06
112,Aaren,Schlosser,Aaren.Schlosser@yopmail.com,Aaren.Schlosser@gmail.com,2015-08-28
113,Alyssa,Trinetta,Alyssa.Trinetta@yopmail.com,Alyssa.Trinetta@gmail.com,2017-07-05
114,Tina,Pettiford,Tina.Pettiford@yopmail.com,Tina.Pettiford@gmail.com,2019-11-09
115,Lory,Nester,Lory.Nester@yopmail.com,Lory.Nester@gmail.com,2018-12-16
116,Vonny,Chrystel,Vonny.Chrystel@yopmail.com,Vonny.Chrystel@gmail.com,2016-04-24
117,Camile,Toni,Camile.Toni@yopmail.com,Camile.Toni@gmail.com,2018-06-14
118,Sibella,Ehrman,Sibella.Ehrman@yopmail.com,Sibella.Ehrman@gmail.com,2016-06-18
119,Elfreda,Orpah,Elfreda.Orpah@yopmail.com,Elfreda.Orpah@gmail.com,2015-05-01
120,Elfreda,Graig,Elfreda.Graig@yopmail.com,Elfreda.Graig@gmail.com,2016-04-22
121,Amelia,Morgun,Amelia.Morgun@yopmail.com,Amelia.Morgun@gmail.com,2019-04-03
122,Zondra,Cleavland,Zondra.Cleavland@yopmail.com,Zondra.Cleavland@gmail.com,2017-12-29
123,Therine,Terrence,Therine.Terrence@yopmail.com,Therine.Terrence@gmail.com,2018-04-30
124,Cristine,Horan,Cristine.Horan@yopmail.com,Cristine.Horan@gmail.com,2018-11-20
125,Briney,Schlosser,Briney.Schlosser@yopmail.com,Briney.Schlosser@gmail.com,2015-01-22
126,Gertrud,Chandler,Gertrud.Chandler@yopmail.com,Gertrud.Chandler@gmail.com,2019-08-11
127,Emma,Fiester,Emma.Fiester@yopmail.com,Emma.Fiester@gmail.com,2018-10-23
128,Jillayne,Vale,Jillayne.Vale@yopmail.com,Jillayne.Vale@gmail.com,2019-10-25
129,Rhea,Vorster,Rhea.Vorster@yopmail.com,Rhea.Vorster@gmail.com,2017-10-27
130,Leeanne,Marsden,Leeanne.Marsden@yopmail.com,Leeanne.Marsden@gmail.com,2015-01-04
131,Karolina,Douglass,Karolina.Douglass@yopmail.com,Karolina.Douglass@gmail.com,2018-02-04
132,Beatriz,Sprage,Beatriz.Sprage@yopmail.com,Beatriz.Sprage@gmail.com,2015-10-21
133,Cecile,Mathilde,Cecile.Mathilde@yopmail.com,Cecile.Mathilde@gmail.com,2019-04-29
134,Nonnah,Rogerio,Nonnah.Rogerio@yopmail.com,Nonnah.Rogerio@gmail.com,2018-03-21
135,Queenie,Kaja,Queenie.Kaja@yopmail.com,Queenie.Kaja@gmail.com,2018-08-21
136,Rosanne,Hoenack,Rosanne.Hoenack@yopmail.com,Rosanne.Hoenack@gmail.com,2016-02-28
137,Magdalena,Suk,Magdalena.Suk@yopmail.com,Magdalena.Suk@gmail.com,2018-01-27
138,Frank,Sherfield,Frank.Sherfield@yopmail.com,Frank.Sherfield@gmail.com,2016-05-13
139,Lynde,Joseph,Lynde.Joseph@yopmail.com,Lynde.Joseph@gmail.com,2017-10-16
140,Anestassia,Bonucci,Anestassia.Bonucci@yopmail.com,Anestassia.Bonucci@gmail.com,2016-11-19
141,Flory,Hortensia,Flory.Hortensia@yopmail.com,Flory.Hortensia@gmail.com,2016-07-16
142,Jan,Jess,Jan.Jess@yopmail.com,Jan.Jess@gmail.com,2016-02-12
143,Adelle,Kunin,Adelle.Kunin@yopmail.com,Adelle.Kunin@gmail.com,2019-02-26
144,Neila,Jerold,Neila.Jerold@yopmail.com,Neila.Jerold@gmail.com,2018-01-27
145,Harmonia,Pernick,Harmonia.Pernick@yopmail.com,Harmonia.Pernick@gmail.com,2019-06-07
146,Codie,Peonir,Codie.Peonir@yopmail.com,Codie.Peonir@gmail.com,2016-12-04
147,Jemie,Cavan,Jemie.Cavan@yopmail.com,Jemie.Cavan@gmail.com,2018-01-21
148,Tilly,Sherfield,Tilly.Sherfield@yopmail.com,Tilly.Sherfield@gmail.com,2016-09-21
149,Robbi,Douglass,Robbi.Douglass@yopmail.com,Robbi.Douglass@gmail.com,2017-05-09
150,Ginnie,Bonilla,Ginnie.Bonilla@yopmail.com,Ginnie.Bonilla@gmail.com,2016-04-11
151,Dianemarie,Jary,Dianemarie.Jary@yopmail.com,Dianemarie.Jary@gmail.com,2015-09-09
152,Gisela,Abbot,Gisela.Abbot@yopmail.com,Gisela.Abbot@gmail.com,2019-05-08
153,Jennica,Merell,Jennica.Merell@yopmail.com,Jennica.Merell@gmail.com,2016-08-05
154,Katharina,Bivins,Katharina.Bivins@yopmail.com,Katharina.Bivins@gmail.com,2019-11-02
155,Dorene,Willie,Dorene.Willie@yopmail.com,Dorene.Willie@gmail.com,2016-09-20
156,Gretal,Sothena,Gretal.Sothena@yopmail.com,Gretal.Sothena@gmail.com,2019-04-30
157,Beth,Shanley,Beth.Shanley@yopmail.com,Beth.Shanley@gmail.com,2018-04-17
158,Tersina,Mich,Tersina.Mich@yopmail.com,Tersina.Mich@gmail.com,2017-01-27
159,Ruthe,Joeann,Ruthe.Joeann@yopmail.com,Ruthe.Joeann@gmail.com,2017-06-15
160,Annice,Stuart,Annice.Stuart@yopmail.com,Annice.Stuart@gmail.com,2019-11-05
161,Marcy,Johanna,Marcy.Johanna@yopmail.com,Marcy.Johanna@gmail.com,2019-05-19
162,Dennie,Capello,Dennie.Capello@yopmail.com,Dennie.Capello@gmail.com,2016-08-11
163,Inga,Henrie,Inga.Henrie@yopmail.com,Inga.Henrie@gmail.com,2019-01-07
164,Valli,Jammal,Valli.Jammal@yopmail.com,Valli.Jammal@gmail.com,2015-12-20
165,Raina,Poppy,Raina.Poppy@yopmail.com,Raina.Poppy@gmail.com,2019-03-20
166,Britni,Kenwood,Britni.Kenwood@yopmail.com,Britni.Kenwood@gmail.com,2019-03-13
167,Annora,Cavan,Annora.Cavan@yopmail.com,Annora.Cavan@gmail.com,2019-08-19
168,Mamie,Tjon,Mamie.Tjon@yopmail.com,Mamie.Tjon@gmail.com,2017-03-01
169,Allyce,Rossner,Allyce.Rossner@yopmail.com,Allyce.Rossner@gmail.com,2016-06-07
170,Chastity,Bonilla,Chastity.Bonilla@yopmail.com,Chastity.Bonilla@gmail.com,2019-04-28
171,Eolanda,Newell,Eolanda.Newell@yopmail.com,Eolanda.Newell@gmail.com,2016-12-08
172,Christal,Anis,Christal.Anis@yopmail.com,Christal.Anis@gmail.com,2015-07-04
173,Ofilia,Suk,Ofilia.Suk@yopmail.com,Ofilia.Suk@gmail.com,2017-03-31
174,Aaren,Gherardo,Aaren.Gherardo@yopmail.com,Aaren.Gherardo@gmail.com,2018-06-15
175,Roz,Anyah,Roz.Anyah@yopmail.com,Roz.Anyah@gmail.com,2015-04-09
176,Randa,Georas,Randa.Georas@yopmail.com,Randa.Georas@gmail.com,2019-05-07
177,Beth,Uund,Beth.Uund@yopmail.com,Beth.Uund@gmail.com,2016-08-11
178,Cassandra,Klotz,Cassandra.Klotz@yopmail.com,Cassandra.Klotz@gmail.com,2019-03-08
179,Fina,Hanshaw,Fina.Hanshaw@yopmail.com,Fina.Hanshaw@gmail.com,2015-12-24
180,Lusa,Celestine,Lusa.Celestine@yopmail.com,Lusa.Celestine@gmail.com,2016-04-17
181,Gerianna,Hourigan,Gerianna.Hourigan@yopmail.com,Gerianna.Hourigan@gmail.com,2019-12-22
182,Tamqrah,Decato,Tamqrah.Decato@yopmail.com,Tamqrah.Decato@gmail.com,2016-08-16
183,Hannis,Eckblad,Hannis.Eckblad@yopmail.com,Hannis.Eckblad@gmail.com,2016-03-18
184,Tina,Bronk,Tina.Bronk@yopmail.com,Tina.Bronk@gmail.com,2015-03-26
185,Alejandra,Faust,Alejandra.Faust@yopmail.com,Alejandra.Faust@gmail.com,2017-01-20
186,Bibby,Kiyoshi,Bibby.Kiyoshi@yopmail.com,Bibby.Kiyoshi@gmail.com,2015-04-04
187,Devina,Idelia,Devina.Idelia@yopmail.com,Devina.Idelia@gmail.com,2017-10-02
188,Marnia,Sawtelle,Marnia.Sawtelle@yopmail.com,Marnia.Sawtelle@gmail.com,2017-03-08
189,Bertine,Nunci,Bertine.Nunci@yopmail.com,Bertine.Nunci@gmail.com,2016-04-05
190,Alyda,Waite,Alyda.Waite@yopmail.com,Alyda.Waite@gmail.com,2016-08-14
191,Lynde,Deny,Lynde.Deny@yopmail.com,Lynde.Deny@gmail.com,2016-07-24
192,Fanchon,Korey,Fanchon.Korey@yopmail.com,Fanchon.Korey@gmail.com,2018-12-02
193,Aaren,Lorain,Aaren.Lorain@yopmail.com,Aaren.Lorain@gmail.com,2015-09-24
194,Jere,Shelba,Jere.Shelba@yopmail.com,Jere.Shelba@gmail.com,2017-05-11
195,Lesly,Diann,Lesly.Diann@yopmail.com,Lesly.Diann@gmail.com,2015-07-09
196,Jessamyn,Fancie,Jessamyn.Fancie@yopmail.com,Jessamyn.Fancie@gmail.com,2017-09-26
197,Marcelline,Pandolfi,Marcelline.Pandolfi@yopmail.com,Marcelline.Pandolfi@gmail.com,2018-07-08
198,Carmencita,O'Carroll,Carmencita.O'Carroll@yopmail.com,Carmencita.O'Carroll@gmail.com,2017-02-18
199,Teddie,Kathie,Teddie.Kathie@yopmail.com,Teddie.Kathie@gmail.com,2019-03-27
200,Ira,Wilona,Ira.Wilona@yopmail.com,Ira.Wilona@gmail.com,2019-05-03
201,Roseline,Stelle,Roseline.Stelle@yopmail.com,Roseline.Stelle@gmail.com,2019-05-21
202,Shel,Buttaro,Shel.Buttaro@yopmail.com,Shel.Buttaro@gmail.com,2015-06-08
203,Suzette,Velick,Suzette.Velick@yopmail.com,Suzette.Velick@gmail.com,2016-03-07
204,Florencia,Byrne,Florencia.Byrne@yopmail.com,Florencia.Byrne@gmail.com,2015-03-28
205,Kerrin,Pearse,Kerrin.Pearse@yopmail.com,Kerrin.Pearse@gmail.com,2015-04-15
206,Tabbatha,Astra,Tabbatha.Astra@yopmail.com,Tabbatha.Astra@gmail.com,2019-01-29
207,Ketti,Blake,Ketti.Blake@yopmail.com,Ketti.Blake@gmail.com,2018-04-21
208,Courtnay,Payson,Courtnay.Payson@yopmail.com,Courtnay.Payson@gmail.com,2017-04-02
209,Charmaine,Elvyn,Charmaine.Elvyn@yopmail.com,Charmaine.Elvyn@gmail.com,2017-11-24
210,Flory,Aloise,Flory.Aloise@yopmail.com,Flory.Aloise@gmail.com,2016-11-02
211,Merle,Fillbert,Merle.Fillbert@yopmail.com,Merle.Fillbert@gmail.com,2017-10-05
212,Carly,Durware,Carly.Durware@yopmail.com,Carly.Durware@gmail.com,2019-07-24
213,Debee,Carmena,Debee.Carmena@yopmail.com,Debee.Carmena@gmail.com,2018-07-25
214,Fredericka,Korey,Fredericka.Korey@yopmail.com,Fredericka.Korey@gmail.com,2016-03-14
215,Asia,Burch,Asia.Burch@yopmail.com,Asia.Burch@gmail.com,2018-04-24
216,Cherilyn,Arne,Cherilyn.Arne@yopmail.com,Cherilyn.Arne@gmail.com,2015-07-10
217,Bill,Xerxes,Bill.Xerxes@yopmail.com,Bill.Xerxes@gmail.com,2015-07-24
218,Fanchon,Hirsch,Fanchon.Hirsch@yopmail.com,Fanchon.Hirsch@gmail.com,2018-01-22
219,Brianna,Standing,Brianna.Standing@yopmail.com,Brianna.Standing@gmail.com,2015-11-23
220,Candi,Henrie,Candi.Henrie@yopmail.com,Candi.Henrie@gmail.com,2017-05-30
221,Heddie,Konyn,Heddie.Konyn@yopmail.com,Heddie.Konyn@gmail.com,2015-09-09
222,Bill,Craggie,Bill.Craggie@yopmail.com,Bill.Craggie@gmail.com,2016-04-28
223,Yolane,Winnick,Yolane.Winnick@yopmail.com,Yolane.Winnick@gmail.com,2018-04-16
224,Lynea,Hedve,Lynea.Hedve@yopmail.com,Lynea.Hedve@gmail.com,2017-03-24
225,Wynne,Fosque,Wynne.Fosque@yopmail.com,Wynne.Fosque@gmail.com,2017-01-12
226,Verla,Byrne,Verla.Byrne@yopmail.com,Verla.Byrne@gmail.com,2018-05-01
227,Diena,Smitt,Diena.Smitt@yopmail.com,Diena.Smitt@gmail.com,2019-11-02
228,Gavrielle,Bakerman,Gavrielle.Bakerman@yopmail.com,Gavrielle.Bakerman@gmail.com,2015-07-19
229,Karlee,An,Karlee.An@yopmail.com,Karlee.An@gmail.com,2018-05-04
230,Valera,Ramona,Valera.Ramona@yopmail.com,Valera.Ramona@gmail.com,2019-11-29
231,Vita,Stelle,Vita.Stelle@yopmail.com,Vita.Stelle@gmail.com,2019-10-12
232,Shell,Chick,Shell.Chick@yopmail.com,Shell.Chick@gmail.com,2017-10-17
233,Sue,Erlandson,Sue.Erlandson@yopmail.com,Sue.Erlandson@gmail.com,2018-11-14
234,Tabbatha,Tannie,Tabbatha.Tannie@yopmail.com,Tabbatha.Tannie@gmail.com,2015-07-30
235,Lenna,Hashim,Lenna.Hashim@yopmail.com,Lenna.Hashim@gmail.com,2017-02-27
236,Raquela,Ogren,Raquela.Ogren@yopmail.com,Raquela.Ogren@gmail.com,2018-11-27
237,Orsola,Tamsky,Orsola.Tamsky@yopmail.com,Orsola.Tamsky@gmail.com,2019-09-28
238,Beverley,Bach,Beverley.Bach@yopmail.com,Beverley.Bach@gmail.com,2017-09-08
239,Kellen,Greyson,Kellen.Greyson@yopmail.com,Kellen.Greyson@gmail.com,2016-11-25
240,Ayn,Allare,Ayn.Allare@yopmail.com,Ayn.Allare@gmail.com,2019-09-17
241,Nadine,Nikaniki,Nadine.Nikaniki@yopmail.com,Nadine.Nikaniki@gmail.com,2017-11-02
242,Valli,Elephus,Valli.Elephus@yopmail.com,Valli.Elephus@gmail.com,2015-05-26
243,Kimberley,Dimitris,Kimberley.Dimitris@yopmail.com,Kimberley.Dimitris@gmail.com,2016-05-05
244,Pierette,Reidar,Pierette.Reidar@yopmail.com,Pierette.Reidar@gmail.com,2016-08-09
245,Wilma,Lareena,Wilma.Lareena@yopmail.com,Wilma.Lareena@gmail.com,2017-09-20
246,Georgetta,Margarete,Georgetta.Margarete@yopmail.com,Georgetta.Margarete@gmail.com,2018-01-04
247,Lily,Demitria,Lily.Demitria@yopmail.com,Lily.Demitria@gmail.com,2019-01-14
248,Brianna,Roxanna,Brianna.Roxanna@yopmail.com,Brianna.Roxanna@gmail.com,2017-05-30
249,Elsie,Concha,Elsie.Concha@yopmail.com,Elsie.Concha@gmail.com,2018-08-05
250,Janey,Bendick,Janey.Bendick@yopmail.com,Janey.Bendick@gmail.com,2018-10-10
251,Elfreda,Ajay,Elfreda.Ajay@yopmail.com,Elfreda.Ajay@gmail.com,2017-03-24
252,Bernardine,Dosia,Bernardine.Dosia@yopmail.com,Bernardine.Dosia@gmail.com,2018-03-17
253,Xylina,Dosia,Xylina.Dosia@yopmail.com,Xylina.Dosia@gmail.com,2019-04-07
254,Trudie,Grosz,Trudie.Grosz@yopmail.com,Trudie.Grosz@gmail.com,2019-08-18
255,Yolane,Dearborn,Yolane.Dearborn@yopmail.com,Yolane.Dearborn@gmail.com,2016-03-25
256,Jenilee,Greenwald,Jenilee.Greenwald@yopmail.com,Jenilee.Greenwald@gmail.com,2015-05-03
257,Kamilah,Verger,Kamilah.Verger@yopmail.com,Kamilah.Verger@gmail.com,2019-05-05
258,Willetta,Prouty,Willetta.Prouty@yopmail.com,Willetta.Prouty@gmail.com,2016-08-31
259,Annecorinne,Zenas,Annecorinne.Zenas@yopmail.com,Annecorinne.Zenas@gmail.com,2015-11-28
260,Bernie,Pettiford,Bernie.Pettiford@yopmail.com,Bernie.Pettiford@gmail.com,2016-04-04
261,Alyda,Dermott,Alyda.Dermott@yopmail.com,Alyda.Dermott@gmail.com,2017-05-23
262,Maye,Denis,Maye.Denis@yopmail.com,Maye.Denis@gmail.com,2017-08-13
263,Viki,Brieta,Viki.Brieta@yopmail.com,Viki.Brieta@gmail.com,2019-05-05
264,Atlanta,Gilmour,Atlanta.Gilmour@yopmail.com,Atlanta.Gilmour@gmail.com,2015-01-23
265,Helsa,Iphlgenia,Helsa.Iphlgenia@yopmail.com,Helsa.Iphlgenia@gmail.com,2019-09-22
266,Demetris,Marcellus,Demetris.Marcellus@yopmail.com,Demetris.Marcellus@gmail.com,2016-03-06
267,Ofilia,Magnolia,Ofilia.Magnolia@yopmail.com,Ofilia.Magnolia@gmail.com,2019-10-14
268,Bertine,Ade,Bertine.Ade@yopmail.com,Bertine.Ade@gmail.com,2015-08-21
269,Katharina,Tayib,Katharina.Tayib@yopmail.com,Katharina.Tayib@gmail.com,2017-06-27
270,Ketti,Raimondo,Ketti.Raimondo@yopmail.com,Ketti.Raimondo@gmail.com,2019-01-18
271,Hermione,Mich,Hermione.Mich@yopmail.com,Hermione.Mich@gmail.com,2019-05-11
272,Steffane,Prouty,Steffane.Prouty@yopmail.com,Steffane.Prouty@gmail.com,2015-12-24
273,Caritta,Faria,Caritta.Faria@yopmail.com,Caritta.Faria@gmail.com,2015-06-18
274,Chastity,Zola,Chastity.Zola@yopmail.com,Chastity.Zola@gmail.com,2018-09-08
275,Sara-Ann,Olympium,Sara-Ann.Olympium@yopmail.com,Sara-Ann.Olympium@gmail.com,2016-07-01
276,Libbie,Emanuel,Libbie.Emanuel@yopmail.com,Libbie.Emanuel@gmail.com,2019-07-03
277,Nataline,Leonard,Nataline.Leonard@yopmail.com,Nataline.Leonard@gmail.com,2019-08-22
278,Jobi,Zenas,Jobi.Zenas@yopmail.com,Jobi.Zenas@gmail.com,2016-08-02
279,Kimberley,Johanna,Kimberley.Johanna@yopmail.com,Kimberley.Johanna@gmail.com,2015-03-13
280,Shel,Lacombe,Shel.Lacombe@yopmail.com,Shel.Lacombe@gmail.com,2018-12-30
281,Sean,Tufts,Sean.Tufts@yopmail.com,Sean.Tufts@gmail.com,2018-12-09
282,Ashlee,Lilybelle,Ashlee.Lilybelle@yopmail.com,Ashlee.Lilybelle@gmail.com,2015-12-16
283,Ileana,Cornelia,Ileana.Cornelia@yopmail.com,Ileana.Cornelia@gmail.com,2016-12-10
284,Morganica,Cath,Morganica.Cath@yopmail.com,Morganica.Cath@gmail.com,2017-01-19
285,Rosabelle,Earlie,Rosabelle.Earlie@yopmail.com,Rosabelle.Earlie@gmail.com,2015-12-05
286,Marti,Dulciana,Marti.Dulciana@yopmail.com,Marti.Dulciana@gmail.com,2017-09-26
287,Natka,Noelyn,Natka.Noelyn@yopmail.com,Natka.Noelyn@gmail.com,2017-06-03
288,Brietta,Emmaline,Brietta.Emmaline@yopmail.com,Brietta.Emmaline@gmail.com,2018-01-10
289,Jinny,Euridice,Jinny.Euridice@yopmail.com,Jinny.Euridice@gmail.com,2016-04-16
290,Ana,Emanuel,Ana.Emanuel@yopmail.com,Ana.Emanuel@gmail.com,2016-01-12
291,Trudie,Aaberg,Trudie.Aaberg@yopmail.com,Trudie.Aaberg@gmail.com,2016-07-19
292,Christian,Eldrid,Christian.Eldrid@yopmail.com,Christian.Eldrid@gmail.com,2017-02-27
293,Tierney,Percy,Tierney.Percy@yopmail.com,Tierney.Percy@gmail.com,2015-01-02
294,Hallie,Thad,Hallie.Thad@yopmail.com,Hallie.Thad@gmail.com,2017-07-17
295,Meriel,Zamora,Meriel.Zamora@yopmail.com,Meriel.Zamora@gmail.com,2017-09-30
296,Brana,Dosia,Brana.Dosia@yopmail.com,Brana.Dosia@gmail.com,2019-09-22
297,Constance,Sheng,Constance.Sheng@yopmail.com,Constance.Sheng@gmail.com,2015-09-02
298,Frank,Lane,Frank.Lane@yopmail.com,Frank.Lane@gmail.com,2019-03-12
299,Barbara,Pierette,Barbara.Pierette@yopmail.com,Barbara.Pierette@gmail.com,2019-07-03
300,Mamie,Rooney,Mamie.Rooney@yopmail.com,Mamie.Rooney@gmail.com,2016-06-16
301,Raf,Alabaster,Raf.Alabaster@yopmail.com,Raf.Alabaster@gmail.com,2017-05-31
302,Renae,Morehouse,Renae.Morehouse@yopmail.com,Renae.Morehouse@gmail.com,2018-03-25
303,Karina,Cherianne,Karina.Cherianne@yopmail.com,Karina.Cherianne@gmail.com,2018-09-08
304,Tracey,Jorgan,Tracey.Jorgan@yopmail.com,Tracey.Jorgan@gmail.com,2015-06-07
305,Quintina,Weinreb,Quintina.Weinreb@yopmail.com,Quintina.Weinreb@gmail.com,2015-02-25
306,Wendi,Munn,Wendi.Munn@yopmail.com,Wendi.Munn@gmail.com,2019-04-17
307,Damaris,Alwin,Damaris.Alwin@yopmail.com,Damaris.Alwin@gmail.com,2017-01-10
308,Miquela,Monk,Miquela.Monk@yopmail.com,Miquela.Monk@gmail.com,2015-06-12
309,Deirdre,Donoghue,Deirdre.Donoghue@yopmail.com,Deirdre.Donoghue@gmail.com,2015-12-22
310,Allis,Payson,Allis.Payson@yopmail.com,Allis.Payson@gmail.com,2017-03-28
311,Angelique,Maisey,Angelique.Maisey@yopmail.com,Angelique.Maisey@gmail.com,2019-10-16
312,Anallese,Cristi,Anallese.Cristi@yopmail.com,Anallese.Cristi@gmail.com,2019-07-11
313,Vanessa,Philipp,Vanessa.Philipp@yopmail.com,Vanessa.Philipp@gmail.com,2018-10-12
314,Cassondra,Sothena,Cassondra.Sothena@yopmail.com,Cassondra.Sothena@gmail.com,2016-10-31
315,Shannah,Duwalt,Shannah.Duwalt@yopmail.com,Shannah.Duwalt@gmail.com,2017-09-01
316,Sidoney,Ries,Sidoney.Ries@yopmail.com,Sidoney.Ries@gmail.com,2018-05-08
317,Leontine,Prouty,Leontine.Prouty@yopmail.com,Leontine.Prouty@gmail.com,2015-05-22
318,Sara-Ann,Bryna,Sara-Ann.Bryna@yopmail.com,Sara-Ann.Bryna@gmail.com,2018-09-20
319,Sonni,Ashely,Sonni.Ashely@yopmail.com,Sonni.Ashely@gmail.com,2018-03-08
320,Emilia,Wiener,Emilia.Wiener@yopmail.com,Emilia.Wiener@gmail.com,2016-11-01
321,Maryellen,Bobbee,Maryellen.Bobbee@yopmail.com,Maryellen.Bobbee@gmail.com,2018-11-18
322,Sybille,McGrody,Sybille.McGrody@yopmail.com,Sybille.McGrody@gmail.com,2017-11-02
323,Kirbee,Wadell,Kirbee.Wadell@yopmail.com,Kirbee.Wadell@gmail.com,2016-09-05
324,Asia,Parette,Asia.Parette@yopmail.com,Asia.Parette@gmail.com,2018-11-05
325,Elie,Zachary,Elie.Zachary@yopmail.com,Elie.Zachary@gmail.com,2015-05-21
326,Collen,Freddi,Collen.Freddi@yopmail.com,Collen.Freddi@gmail.com,2018-06-20
327,Debee,Wattenberg,Debee.Wattenberg@yopmail.com,Debee.Wattenberg@gmail.com,2018-06-03
328,Alie,Pauly,Alie.Pauly@yopmail.com,Alie.Pauly@gmail.com,2017-05-23
329,Ileana,Jerald,Ileana.Jerald@yopmail.com,Ileana.Jerald@gmail.com,2017-11-30
330,Nita,Pernick,Nita.Pernick@yopmail.com,Nita.Pernick@gmail.com,2016-12-16
331,Maye,Aaberg,Maye.Aaberg@yopmail.com,Maye.Aaberg@gmail.com,2017-08-27
332,Sabina,Gombach,Sabina.Gombach@yopmail.com,Sabina.Gombach@gmail.com,2019-03-09
333,Sadie,Schwejda,Sadie.Schwejda@yopmail.com,Sadie.Schwejda@gmail.com,2019-05-19
334,Melodie,Mayeda,Melodie.Mayeda@yopmail.com,Melodie.Mayeda@gmail.com,2019-10-13
335,Tomasina,Zuzana,Tomasina.Zuzana@yopmail.com,Tomasina.Zuzana@gmail.com,2016-05-05
336,Cherilyn,Artie,Cherilyn.Artie@yopmail.com,Cherilyn.Artie@gmail.com,2015-04-14
337,Vevay,Freddi,Vevay.Freddi@yopmail.com,Vevay.Freddi@gmail.com,2017-01-15
338,Aaren,Poppy,Aaren.Poppy@yopmail.com,Aaren.Poppy@gmail.com,2015-11-01
339,Cordi,Sheedy,Cordi.Sheedy@yopmail.com,Cordi.Sheedy@gmail.com,2018-05-08
340,Flory,Sheng,Flory.Sheng@yopmail.com,Flory.Sheng@gmail.com,2015-07-07
341,Maisey,Peti,Maisey.Peti@yopmail.com,Maisey.Peti@gmail.com,2016-03-29
342,Lusa,Bultman,Lusa.Bultman@yopmail.com,Lusa.Bultman@gmail.com,2019-06-18
343,Gusty,Jethro,Gusty.Jethro@yopmail.com,Gusty.Jethro@gmail.com,2018-02-28
344,Gilligan,Christine,Gilligan.Christine@yopmail.com,Gilligan.Christine@gmail.com,2018-02-19
345,Nickie,Nerita,Nickie.Nerita@yopmail.com,Nickie.Nerita@gmail.com,2016-11-05
346,Dennie,Ariella,Dennie.Ariella@yopmail.com,Dennie.Ariella@gmail.com,2017-05-20
347,Mara,Thema,Mara.Thema@yopmail.com,Mara.Thema@gmail.com,2015-08-05
348,Kathi,Stefa,Kathi.Stefa@yopmail.com,Kathi.Stefa@gmail.com,2018-08-11
349,Dianemarie,Whiffen,Dianemarie.Whiffen@yopmail.com,Dianemarie.Whiffen@gmail.com,2015-12-11
350,Lusa,Braun,Lusa.Braun@yopmail.com,Lusa.Braun@gmail.com,2015-03-18
351,Sheelagh,Carleen,Sheelagh.Carleen@yopmail.com,Sheelagh.Carleen@gmail.com,2019-05-05
352,Mathilda,Ludewig,Mathilda.Ludewig@yopmail.com,Mathilda.Ludewig@gmail.com,2019-08-14
353,Andree,Zachary,Andree.Zachary@yopmail.com,Andree.Zachary@gmail.com,2016-02-02
354,Celestyna,Thilda,Celestyna.Thilda@yopmail.com,Celestyna.Thilda@gmail.com,2015-03-07
355,Halette,Parette,Halette.Parette@yopmail.com,Halette.Parette@gmail.com,2017-02-07
356,Taffy,Callista,Taffy.Callista@yopmail.com,Taffy.Callista@gmail.com,2016-01-16
357,Nyssa,Sibyls,Nyssa.Sibyls@yopmail.com,Nyssa.Sibyls@gmail.com,2017-04-22
358,Ann-Marie,Cassius,Ann-Marie.Cassius@yopmail.com,Ann-Marie.Cassius@gmail.com,2019-06-04
359,Kore,Thomasina,Kore.Thomasina@yopmail.com,Kore.Thomasina@gmail.com,2018-10-11
360,Leona,Hamil,Leona.Hamil@yopmail.com,Leona.Hamil@gmail.com,2017-02-04
361,Babita,Odell,Babita.Odell@yopmail.com,Babita.Odell@gmail.com,2017-10-21
362,Jacenta,Sothena,Jacenta.Sothena@yopmail.com,Jacenta.Sothena@gmail.com,2019-08-14
363,Adore,Mayeda,Adore.Mayeda@yopmail.com,Adore.Mayeda@gmail.com,2019-03-12
364,Corly,Ivens,Corly.Ivens@yopmail.com,Corly.Ivens@gmail.com,2016-02-11
365,Linzy,Kolnick,Linzy.Kolnick@yopmail.com,Linzy.Kolnick@gmail.com,2015-02-20
366,Hollie,Kirstin,Hollie.Kirstin@yopmail.com,Hollie.Kirstin@gmail.com,2018-08-06
367,Livvyy,Yate,Livvyy.Yate@yopmail.com,Livvyy.Yate@gmail.com,2017-07-20
368,Adele,Ephrem,Adele.Ephrem@yopmail.com,Adele.Ephrem@gmail.com,2015-10-20
369,Mady,Iaverne,Mady.Iaverne@yopmail.com,Mady.Iaverne@gmail.com,2015-10-01
370,Sandie,Diann,Sandie.Diann@yopmail.com,Sandie.Diann@gmail.com,2018-04-17
371,Konstance,Hurley,Konstance.Hurley@yopmail.com,Konstance.Hurley@gmail.com,2017-06-28
372,Janey,Cornelia,Janey.Cornelia@yopmail.com,Janey.Cornelia@gmail.com,2017-02-02
373,Ingrid,Noman,Ingrid.Noman@yopmail.com,Ingrid.Noman@gmail.com,2018-03-22
374,Sandie,Bultman,Sandie.Bultman@yopmail.com,Sandie.Bultman@gmail.com,2019-02-01
375,Kittie,Tryck,Kittie.Tryck@yopmail.com,Kittie.Tryck@gmail.com,2019-02-06
376,Sherrie,Tound,Sherrie.Tound@yopmail.com,Sherrie.Tound@gmail.com,2015-06-05
377,Gertrud,Shaddock,Gertrud.Shaddock@yopmail.com,Gertrud.Shaddock@gmail.com,2015-09-12
378,Lelah,Geffner,Lelah.Geffner@yopmail.com,Lelah.Geffner@gmail.com,2018-11-04
379,Shell,Ingra,Shell.Ingra@yopmail.com,Shell.Ingra@gmail.com,2017-10-15
380,Suzette,Torray,Suzette.Torray@yopmail.com,Suzette.Torray@gmail.com,2016-01-10
381,Annabela,Aldric,Annabela.Aldric@yopmail.com,Annabela.Aldric@gmail.com,2019-12-31
382,Karina,Adamsen,Karina.Adamsen@yopmail.com,Karina.Adamsen@gmail.com,2017-04-13
383,Sean,Roxanna,Sean.Roxanna@yopmail.com,Sean.Roxanna@gmail.com,2017-09-24
384,Alexine,Odell,Alexine.Odell@yopmail.com,Alexine.Odell@gmail.com,2019-10-21
385,Roxane,Roxanna,Roxane.Roxanna@yopmail.com,Roxane.Roxanna@gmail.com,2015-09-22
386,Teriann,Orlene,Teriann.Orlene@yopmail.com,Teriann.Orlene@gmail.com,2018-02-12
387,Lynnea,Anis,Lynnea.Anis@yopmail.com,Lynnea.Anis@gmail.com,2015-12-20
388,Ermengarde,Leopold,Ermengarde.Leopold@yopmail.com,Ermengarde.Leopold@gmail.com,2018-01-09
389,Sindee,Wyn,Sindee.Wyn@yopmail.com,Sindee.Wyn@gmail.com,2018-03-05
390,Adelle,Tice,Adelle.Tice@yopmail.com,Adelle.Tice@gmail.com,2018-02-07
391,Kristina,Tiffa,Kristina.Tiffa@yopmail.com,Kristina.Tiffa@gmail.com,2016-09-13
392,Winny,Claudine,Winny.Claudine@yopmail.com,Winny.Claudine@gmail.com,2015-05-03
393,Clary,Honoria,Clary.Honoria@yopmail.com,Clary.Honoria@gmail.com,2016-09-14
394,Ernesta,Dunkin,Ernesta.Dunkin@yopmail.com,Ernesta.Dunkin@gmail.com,2015-04-02
395,Raf,Teryn,Raf.Teryn@yopmail.com,Raf.Teryn@gmail.com,2015-04-11
396,Demetris,Phi,Demetris.Phi@yopmail.com,Demetris.Phi@gmail.com,2015-06-18
397,Jessy,Nikaniki,Jessy.Nikaniki@yopmail.com,Jessy.Nikaniki@gmail.com,2018-02-08
398,Caritta,Fairweather,Caritta.Fairweather@yopmail.com,Caritta.Fairweather@gmail.com,2019-07-17
399,Celestyna,Michella,Celestyna.Michella@yopmail.com,Celestyna.Michella@gmail.com,2018-01-20
400,Alameda,Seessel,Alameda.Seessel@yopmail.com,Alameda.Seessel@gmail.com,2015-06-19
401,Sybille,Bibi,Sybille.Bibi@yopmail.com,Sybille.Bibi@gmail.com,2017-10-27
402,Lucille,Madox,Lucille.Madox@yopmail.com,Lucille.Madox@gmail.com,2017-06-04
403,Livvyy,Earlie,Livvyy.Earlie@yopmail.com,Livvyy.Earlie@gmail.com,2018-06-06
404,Kathy,Oneida,Kathy.Oneida@yopmail.com,Kathy.Oneida@gmail.com,2019-07-16
405,Rochette,Remmer,Rochette.Remmer@yopmail.com,Rochette.Remmer@gmail.com,2015-07-25
406,Nananne,Hourigan,Nananne.Hourigan@yopmail.com,Nananne.Hourigan@gmail.com,2019-06-20
407,Micheline,Halsey,Micheline.Halsey@yopmail.com,Micheline.Halsey@gmail.com,2017-08-01
408,Gaylene,Boehike,Gaylene.Boehike@yopmail.com,Gaylene.Boehike@gmail.com,2017-04-21
409,Inga,Wooster,Inga.Wooster@yopmail.com,Inga.Wooster@gmail.com,2017-02-10
410,Gui,Kinnard,Gui.Kinnard@yopmail.com,Gui.Kinnard@gmail.com,2015-12-20
411,Kary,Lacombe,Kary.Lacombe@yopmail.com,Kary.Lacombe@gmail.com,2018-04-16
412,Raf,Sekofski,Raf.Sekofski@yopmail.com,Raf.Sekofski@gmail.com,2015-10-18
413,Ginnie,Decato,Ginnie.Decato@yopmail.com,Ginnie.Decato@gmail.com,2019-01-12
414,Carol-Jean,Freddi,Carol-Jean.Freddi@yopmail.com,Carol-Jean.Freddi@gmail.com,2015-11-06
415,Gilda,Garek,Gilda.Garek@yopmail.com,Gilda.Garek@gmail.com,2017-10-15
416,Madalyn,Cleavland,Madalyn.Cleavland@yopmail.com,Madalyn.Cleavland@gmail.com,2018-06-15
417,Fredericka,Dearborn,Fredericka.Dearborn@yopmail.com,Fredericka.Dearborn@gmail.com,2015-12-21
418,Meghann,Radu,Meghann.Radu@yopmail.com,Meghann.Radu@gmail.com,2019-07-24
419,Amelia,Evangelia,Amelia.Evangelia@yopmail.com,Amelia.Evangelia@gmail.com,2017-05-09
420,Hyacinthe,Creamer,Hyacinthe.Creamer@yopmail.com,Hyacinthe.Creamer@gmail.com,2015-01-06
421,Madalyn,Rogerio,Madalyn.Rogerio@yopmail.com,Madalyn.Rogerio@gmail.com,2017-08-03
422,Gilligan,Olnee,Gilligan.Olnee@yopmail.com,Gilligan.Olnee@gmail.com,2015-09-22
423,Malina,Carlson,Malina.Carlson@yopmail.com,Malina.Carlson@gmail.com,2019-12-04
424,Dorthy,Lynn,Dorthy.Lynn@yopmail.com,Dorthy.Lynn@gmail.com,2018-02-14
425,Brooks,Hewitt,Brooks.Hewitt@yopmail.com,Brooks.Hewitt@gmail.com,2018-06-10
426,Lesly,Firmin,Lesly.Firmin@yopmail.com,Lesly.Firmin@gmail.com,2015-02-27
427,Dominga,Juan,Dominga.Juan@yopmail.com,Dominga.Juan@gmail.com,2018-06-18
428,Pollyanna,Raseda,Pollyanna.Raseda@yopmail.com,Pollyanna.Raseda@gmail.com,2018-05-10
429,Grier,Phyllis,Grier.Phyllis@yopmail.com,Grier.Phyllis@gmail.com,2016-11-27
430,Ulrike,Buckler,Ulrike.Buckler@yopmail.com,Ulrike.Buckler@gmail.com,2018-05-07
431,Latisha,Jarib,Latisha.Jarib@yopmail.com,Latisha.Jarib@gmail.com,2017-01-13
432,Collen,Lumbard,Collen.Lumbard@yopmail.com,Collen.Lumbard@gmail.com,2019-06-04
433,Mallory,Nore,Mallory.Nore@yopmail.com,Mallory.Nore@gmail.com,2018-07-10
434,Zaria,Lauraine,Zaria.Lauraine@yopmail.com,Zaria.Lauraine@gmail.com,2016-11-29
435,Ana,Shelba,Ana.Shelba@yopmail.com,Ana.Shelba@gmail.com,2017-12-16
436,Silvana,Nance,Silvana.Nance@yopmail.com,Silvana.Nance@gmail.com,2019-02-01
437,Amara,Kat,Amara.Kat@yopmail.com,Amara.Kat@gmail.com,2015-10-26
438,Gretal,Olympium,Gretal.Olympium@yopmail.com,Gretal.Olympium@gmail.com,2019-08-25
439,Genevra,Verger,Genevra.Verger@yopmail.com,Genevra.Verger@gmail.com,2019-11-20
440,Nadine,Cloris,Nadine.Cloris@yopmail.com,Nadine.Cloris@gmail.com,2019-07-05
441,Adele,Tillford,Adele.Tillford@yopmail.com,Adele.Tillford@gmail.com,2015-12-12
442,Sharlene,Kirstin,Sharlene.Kirstin@yopmail.com,Sharlene.Kirstin@gmail.com,2016-08-17
443,Jacquetta,Marijo,Jacquetta.Marijo@yopmail.com,Jacquetta.Marijo@gmail.com,2016-10-27
444,Heida,Stelle,Heida.Stelle@yopmail.com,Heida.Stelle@gmail.com,2018-09-17
445,Di,Gherardo,Di.Gherardo@yopmail.com,Di.Gherardo@gmail.com,2015-11-29
446,Larine,Rozanna,Larine.Rozanna@yopmail.com,Larine.Rozanna@gmail.com,2019-02-05
447,Tera,Lytton,Tera.Lytton@yopmail.com,Tera.Lytton@gmail.com,2015-08-22
448,Vonny,Hunfredo,Vonny.Hunfredo@yopmail.com,Vonny.Hunfredo@gmail.com,2016-12-07
449,Tarra,Read,Tarra.Read@yopmail.com,Tarra.Read@gmail.com,2016-06-02
450,Zondra,Alexandr,Zondra.Alexandr@yopmail.com,Zondra.Alexandr@gmail.com,2015-03-01
451,Merle,Joseph,Merle.Joseph@yopmail.com,Merle.Joseph@gmail.com,2019-12-28
452,Nariko,Geffner,Nariko.Geffner@yopmail.com,Nariko.Geffner@gmail.com,2017-12-16
453,Melina,Afton,Melina.Afton@yopmail.com,Melina.Afton@gmail.com,2019-06-04
454,Raquela,Dyche,Raquela.Dyche@yopmail.com,Raquela.Dyche@gmail.com,2015-03-20
455,Farrah,Winnick,Farrah.Winnick@yopmail.com,Farrah.Winnick@gmail.com,2019-08-11
456,Regina,Lareena,Regina.Lareena@yopmail.com,Regina.Lareena@gmail.com,2019-03-06
457,Aryn,Amadas,Aryn.Amadas@yopmail.com,Aryn.Amadas@gmail.com,2015-05-23
458,Pearline,Natica,Pearline.Natica@yopmail.com,Pearline.Natica@gmail.com,2016-09-10
459,Vinita,Margarete,Vinita.Margarete@yopmail.com,Vinita.Margarete@gmail.com,2018-05-03
460,Carmela,Toor,Carmela.Toor@yopmail.com,Carmela.Toor@gmail.com,2018-04-01
461,Phylis,Soneson,Phylis.Soneson@yopmail.com,Phylis.Soneson@gmail.com,2016-03-24
462,Rori,Alcott,Rori.Alcott@yopmail.com,Rori.Alcott@gmail.com,2019-10-16
463,Mamie,Warthman,Mamie.Warthman@yopmail.com,Mamie.Warthman@gmail.com,2018-11-21
464,Felice,Sharl,Felice.Sharl@yopmail.com,Felice.Sharl@gmail.com,2016-05-23
465,Laurene,Joseph,Laurene.Joseph@yopmail.com,Laurene.Joseph@gmail.com,2016-01-07
466,Mallory,Azeria,Mallory.Azeria@yopmail.com,Mallory.Azeria@gmail.com,2015-12-15
467,Anica,Kannry,Anica.Kannry@yopmail.com,Anica.Kannry@gmail.com,2017-09-20
468,Nataline,Sabella,Nataline.Sabella@yopmail.com,Nataline.Sabella@gmail.com,2018-06-29
469,Robbi,Thornburg,Robbi.Thornburg@yopmail.com,Robbi.Thornburg@gmail.com,2015-04-02
470,Viviene,Havens,Viviene.Havens@yopmail.com,Viviene.Havens@gmail.com,2016-10-07
471,Edee,Eben,Edee.Eben@yopmail.com,Edee.Eben@gmail.com,2019-04-12
472,Annecorinne,Heisel,Annecorinne.Heisel@yopmail.com,Annecorinne.Heisel@gmail.com,2019-08-07
473,Lelah,Bakerman,Lelah.Bakerman@yopmail.com,Lelah.Bakerman@gmail.com,2017-12-16
474,Vanessa,Marcellus,Vanessa.Marcellus@yopmail.com,Vanessa.Marcellus@gmail.com,2017-01-18
475,Tiffie,Strephon,Tiffie.Strephon@yopmail.com,Tiffie.Strephon@gmail.com,2017-09-14
476,Chandra,Jena,Chandra.Jena@yopmail.com,Chandra.Jena@gmail.com,2017-04-24
477,Christy,Tamsky,Christy.Tamsky@yopmail.com,Christy.Tamsky@gmail.com,2019-05-27
478,Dulcinea,Quent,Dulcinea.Quent@yopmail.com,Dulcinea.Quent@gmail.com,2019-05-22
479,Gerrie,Ricki,Gerrie.Ricki@yopmail.com,Gerrie.Ricki@gmail.com,2016-09-01
480,Mamie,Seumas,Mamie.Seumas@yopmail.com,Mamie.Seumas@gmail.com,2017-09-26
481,Blinni,Modie,Blinni.Modie@yopmail.com,Blinni.Modie@gmail.com,2018-06-15
482,Hyacinthe,Cecile,Hyacinthe.Cecile@yopmail.com,Hyacinthe.Cecile@gmail.com,2016-07-15
483,Caryl,Lilas,Caryl.Lilas@yopmail.com,Caryl.Lilas@gmail.com,2016-04-21
484,Raquela,Bollay,Raquela.Bollay@yopmail.com,Raquela.Bollay@gmail.com,2016-11-12
485,Cherrita,Noelyn,Cherrita.Noelyn@yopmail.com,Cherrita.Noelyn@gmail.com,2018-04-29
486,Lenna,Marcellus,Lenna.Marcellus@yopmail.com,Lenna.Marcellus@gmail.com,2018-04-22
487,Carmencita,Urania,Carmencita.Urania@yopmail.com,Carmencita.Urania@gmail.com,2016-12-26
488,Kayla,Ietta,Kayla.Ietta@yopmail.com,Kayla.Ietta@gmail.com,2018-09-12
489,Cordi,Sancho,Cordi.Sancho@yopmail.com,Cordi.Sancho@gmail.com,2016-01-30
490,Christian,Franza,Christian.Franza@yopmail.com,Christian.Franza@gmail.com,2017-03-27
491,Myrtice,Karl,Myrtice.Karl@yopmail.com,Myrtice.Karl@gmail.com,2015-04-20
492,Lorne,Roumell,Lorne.Roumell@yopmail.com,Lorne.Roumell@gmail.com,2016-10-15
493,Cassondra,Connelly,Cassondra.Connelly@yopmail.com,Cassondra.Connelly@gmail.com,2019-08-04
494,Delilah,Charity,Delilah.Charity@yopmail.com,Delilah.Charity@gmail.com,2018-01-10
495,Brietta,Marlie,Brietta.Marlie@yopmail.com,Brietta.Marlie@gmail.com,2016-04-10
496,Candi,Nance,Candi.Nance@yopmail.com,Candi.Nance@gmail.com,2015-03-16
497,Alia,Elvyn,Alia.Elvyn@yopmail.com,Alia.Elvyn@gmail.com,2016-11-19
498,Violet,Wu,Violet.Wu@yopmail.com,Violet.Wu@gmail.com,2016-12-26
499,Kylynn,Blase,Kylynn.Blase@yopmail.com,Kylynn.Blase@gmail.com,2017-01-14
500,Janenna,Juan,Janenna.Juan@yopmail.com,Janenna.Juan@gmail.com,2017-09-25
501,Bettine,Jerold,Bettine.Jerold@yopmail.com,Bettine.Jerold@gmail.com,2015-03-28
502,Anallese,Honoria,Anallese.Honoria@yopmail.com,Anallese.Honoria@gmail.com,2019-02-10
503,Annabela,Santoro,Annabela.Santoro@yopmail.com,Annabela.Santoro@gmail.com,2015-03-17
504,Rosene,Moina,Rosene.Moina@yopmail.com,Rosene.Moina@gmail.com,2019-01-26
505,Di,Corrine,Di.Corrine@yopmail.com,Di.Corrine@gmail.com,2015-06-11
506,Betta,Redmond,Betta.Redmond@yopmail.com,Betta.Redmond@gmail.com,2017-03-02
507,Aryn,Fiann,Aryn.Fiann@yopmail.com,Aryn.Fiann@gmail.com,2016-05-24
508,Bertine,Tyson,Bertine.Tyson@yopmail.com,Bertine.Tyson@gmail.com,2015-01-06
509,Orelia,Vilma,Orelia.Vilma@yopmail.com,Orelia.Vilma@gmail.com,2015-09-09
510,Ruthe,Hanleigh,Ruthe.Hanleigh@yopmail.com,Ruthe.Hanleigh@gmail.com,2016-08-05
511,Brooks,Seagraves,Brooks.Seagraves@yopmail.com,Brooks.Seagraves@gmail.com,2017-02-08
512,Mara,Hailee,Mara.Hailee@yopmail.com,Mara.Hailee@gmail.com,2018-11-07
513,Pierette,Tyson,Pierette.Tyson@yopmail.com,Pierette.Tyson@gmail.com,2015-10-14
514,Adelle,Croix,Adelle.Croix@yopmail.com,Adelle.Croix@gmail.com,2018-10-28
515,Kerrin,Stephie,Kerrin.Stephie@yopmail.com,Kerrin.Stephie@gmail.com,2019-12-04
516,Donnie,Damarra,Donnie.Damarra@yopmail.com,Donnie.Damarra@gmail.com,2015-10-07
517,Deedee,Quinn,Deedee.Quinn@yopmail.com,Deedee.Quinn@gmail.com,2016-09-18
518,Wileen,Oriana,Wileen.Oriana@yopmail.com,Wileen.Oriana@gmail.com,2019-04-06
519,Shell,Podvin,Shell.Podvin@yopmail.com,Shell.Podvin@gmail.com,2017-12-01
520,Nariko,Bakerman,Nariko.Bakerman@yopmail.com,Nariko.Bakerman@gmail.com,2015-05-06
521,Bernardine,Azeria,Bernardine.Azeria@yopmail.com,Bernardine.Azeria@gmail.com,2017-04-17
522,Olivette,Knowling,Olivette.Knowling@yopmail.com,Olivette.Knowling@gmail.com,2015-01-02
523,Jasmina,Ezar,Jasmina.Ezar@yopmail.com,Jasmina.Ezar@gmail.com,2019-06-09
524,Dacia,Bonucci,Dacia.Bonucci@yopmail.com,Dacia.Bonucci@gmail.com,2016-01-02
525,Dawn,Sidonius,Dawn.Sidonius@yopmail.com,Dawn.Sidonius@gmail.com,2017-02-17
526,Jan,Madaih,Jan.Madaih@yopmail.com,Jan.Madaih@gmail.com,2019-09-20
527,Paola,Infield,Paola.Infield@yopmail.com,Paola.Infield@gmail.com,2017-03-26
528,Julieta,Milde,Julieta.Milde@yopmail.com,Julieta.Milde@gmail.com,2017-07-07
529,Shannah,Markman,Shannah.Markman@yopmail.com,Shannah.Markman@gmail.com,2019-08-01
530,Kamilah,Lutero,Kamilah.Lutero@yopmail.com,Kamilah.Lutero@gmail.com,2017-06-30
531,Julieta,Leifeste,Julieta.Leifeste@yopmail.com,Julieta.Leifeste@gmail.com,2015-03-21
532,Gratia,Iiette,Gratia.Iiette@yopmail.com,Gratia.Iiette@gmail.com,2015-09-14
533,Iseabal,Roarke,Iseabal.Roarke@yopmail.com,Iseabal.Roarke@gmail.com,2016-01-07
534,Jeanna,Winthorpe,Jeanna.Winthorpe@yopmail.com,Jeanna.Winthorpe@gmail.com,2018-08-27
535,Oona,Shama,Oona.Shama@yopmail.com,Oona.Shama@gmail.com,2016-07-21
536,Charlena,Alarise,Charlena.Alarise@yopmail.com,Charlena.Alarise@gmail.com,2019-02-01
537,Edyth,Milson,Edyth.Milson@yopmail.com,Edyth.Milson@gmail.com,2017-10-19
538,Orelia,Tannie,Orelia.Tannie@yopmail.com,Orelia.Tannie@gmail.com,2016-02-18
539,Dede,Kimmie,Dede.Kimmie@yopmail.com,Dede.Kimmie@gmail.com,2016-02-03
540,Sadie,Leopold,Sadie.Leopold@yopmail.com,Sadie.Leopold@gmail.com,2018-01-01
541,Lory,Juliet,Lory.Juliet@yopmail.com,Lory.Juliet@gmail.com,2019-09-06
542,Katleen,Arquit,Katleen.Arquit@yopmail.com,Katleen.Arquit@gmail.com,2017-08-06
543,Margette,Brieta,Margette.Brieta@yopmail.com,Margette.Brieta@gmail.com,2018-07-16
544,Roslyn,Irmine,Roslyn.Irmine@yopmail.com,Roslyn.Irmine@gmail.com,2019-03-31
545,Gwyneth,Donoghue,Gwyneth.Donoghue@yopmail.com,Gwyneth.Donoghue@gmail.com,2017-09-23
546,Micheline,Rosalba,Micheline.Rosalba@yopmail.com,Micheline.Rosalba@gmail.com,2016-09-09
547,Sallie,Vernier,Sallie.Vernier@yopmail.com,Sallie.Vernier@gmail.com,2015-02-22
548,Silvana,Jacqui,Silvana.Jacqui@yopmail.com,Silvana.Jacqui@gmail.com,2019-12-16
549,Justinn,Elephus,Justinn.Elephus@yopmail.com,Justinn.Elephus@gmail.com,2019-05-09
550,Lorenza,Berriman,Lorenza.Berriman@yopmail.com,Lorenza.Berriman@gmail.com,2016-11-15
551,Danny,Susannah,Danny.Susannah@yopmail.com,Danny.Susannah@gmail.com,2018-04-04
552,Latisha,Firmin,Latisha.Firmin@yopmail.com,Latisha.Firmin@gmail.com,2015-07-26
553,Ellette,Orlene,Ellette.Orlene@yopmail.com,Ellette.Orlene@gmail.com,2017-09-16
554,Juliane,Scammon,Juliane.Scammon@yopmail.com,Juliane.Scammon@gmail.com,2015-12-07
555,Elora,Kathie,Elora.Kathie@yopmail.com,Elora.Kathie@gmail.com,2018-01-30
556,Stephanie,Adamsen,Stephanie.Adamsen@yopmail.com,Stephanie.Adamsen@gmail.com,2016-04-14
557,Calla,Alejoa,Calla.Alejoa@yopmail.com,Calla.Alejoa@gmail.com,2016-08-13
558,Alia,Rugen,Alia.Rugen@yopmail.com,Alia.Rugen@gmail.com,2018-10-02
559,Sharai,Clywd,Sharai.Clywd@yopmail.com,Sharai.Clywd@gmail.com,2016-05-10
560,Rivalee,Delacourt,Rivalee.Delacourt@yopmail.com,Rivalee.Delacourt@gmail.com,2019-11-19
561,Lynea,Fadiman,Lynea.Fadiman@yopmail.com,Lynea.Fadiman@gmail.com,2018-01-11
562,Laurene,Iphlgenia,Laurene.Iphlgenia@yopmail.com,Laurene.Iphlgenia@gmail.com,2017-11-09
563,Roslyn,Quent,Roslyn.Quent@yopmail.com,Roslyn.Quent@gmail.com,2016-09-10
564,Olivette,Codding,Olivette.Codding@yopmail.com,Olivette.Codding@gmail.com,2019-05-11
565,Jaclyn,Wilona,Jaclyn.Wilona@yopmail.com,Jaclyn.Wilona@gmail.com,2015-11-24
566,Hettie,Yorick,Hettie.Yorick@yopmail.com,Hettie.Yorick@gmail.com,2016-01-22
567,Brandise,Ralfston,Brandise.Ralfston@yopmail.com,Brandise.Ralfston@gmail.com,2018-01-14
568,Elise,Kylander,Elise.Kylander@yopmail.com,Elise.Kylander@gmail.com,2017-05-13
569,Leeanne,Even,Leeanne.Even@yopmail.com,Leeanne.Even@gmail.com,2018-07-24
570,Dione,Greyson,Dione.Greyson@yopmail.com,Dione.Greyson@gmail.com,2019-11-24
571,Caressa,Nerita,Caressa.Nerita@yopmail.com,Caressa.Nerita@gmail.com,2015-01-16
572,Vere,Lory,Vere.Lory@yopmail.com,Vere.Lory@gmail.com,2016-06-13
573,Ketti,Dalli,Ketti.Dalli@yopmail.com,Ketti.Dalli@gmail.com,2015-11-25
574,Alyda,Gino,Alyda.Gino@yopmail.com,Alyda.Gino@gmail.com,2015-03-26
575,Tybie,Suanne,Tybie.Suanne@yopmail.com,Tybie.Suanne@gmail.com,2017-08-20
576,Jordan,Tice,Jordan.Tice@yopmail.com,Jordan.Tice@gmail.com,2015-11-26
577,Nananne,Ardra,Nananne.Ardra@yopmail.com,Nananne.Ardra@gmail.com,2017-02-15
578,Wileen,Kravits,Wileen.Kravits@yopmail.com,Wileen.Kravits@gmail.com,2019-12-10
579,Brandise,Koziara,Brandise.Koziara@yopmail.com,Brandise.Koziara@gmail.com,2016-07-29
580,Violet,Donell,Violet.Donell@yopmail.com,Violet.Donell@gmail.com,2016-12-11
581,Paola,Armanda,Paola.Armanda@yopmail.com,Paola.Armanda@gmail.com,2016-12-25
582,Imojean,Douglass,Imojean.Douglass@yopmail.com,Imojean.Douglass@gmail.com,2016-04-05
583,Gerrie,Graig,Gerrie.Graig@yopmail.com,Gerrie.Graig@gmail.com,2018-10-26
584,Lenna,Avi,Lenna.Avi@yopmail.com,Lenna.Avi@gmail.com,2015-09-08
585,Marjie,Koziara,Marjie.Koziara@yopmail.com,Marjie.Koziara@gmail.com,2017-11-16
586,Fernande,Edison,Fernande.Edison@yopmail.com,Fernande.Edison@gmail.com,2015-08-20
587,Sibella,Dash,Sibella.Dash@yopmail.com,Sibella.Dash@gmail.com,2017-01-19
588,Adele,Dom,Adele.Dom@yopmail.com,Adele.Dom@gmail.com,2018-06-18
589,Stephanie,Malvino,Stephanie.Malvino@yopmail.com,Stephanie.Malvino@gmail.com,2017-07-28
590,Nananne,Dannye,Nananne.Dannye@yopmail.com,Nananne.Dannye@gmail.com,2017-11-29
591,Oona,Anton,Oona.Anton@yopmail.com,Oona.Anton@gmail.com,2018-06-14
592,Jessy,Schalles,Jessy.Schalles@yopmail.com,Jessy.Schalles@gmail.com,2018-11-11
593,Cam,Baylor,Cam.Baylor@yopmail.com,Cam.Baylor@gmail.com,2019-01-11
594,Gale,Alrich,Gale.Alrich@yopmail.com,Gale.Alrich@gmail.com,2016-07-11
595,Addia,Shanley,Addia.Shanley@yopmail.com,Addia.Shanley@gmail.com,2017-01-31
596,Sabina,Rosalba,Sabina.Rosalba@yopmail.com,Sabina.Rosalba@gmail.com,2015-06-11
597,Joane,Kimmie,Joane.Kimmie@yopmail.com,Joane.Kimmie@gmail.com,2017-07-11
598,Viviene,Stoller,Viviene.Stoller@yopmail.com,Viviene.Stoller@gmail.com,2016-11-25
599,Dorothy,Craggie,Dorothy.Craggie@yopmail.com,Dorothy.Craggie@gmail.com,2016-05-11
600,Kara-Lynn,Nahum,Kara-Lynn.Nahum@yopmail.com,Kara-Lynn.Nahum@gmail.com,2018-11-24
601,Consuela,Ricarda,Consuela.Ricarda@yopmail.com,Consuela.Ricarda@gmail.com,2015-01-15
602,Valeda,Adalbert,Valeda.Adalbert@yopmail.com,Valeda.Adalbert@gmail.com,2017-03-26
603,Lucy,Rurik,Lucy.Rurik@yopmail.com,Lucy.Rurik@gmail.com,2019-01-02
604,Asia,Jacobah,Asia.Jacobah@yopmail.com,Asia.Jacobah@gmail.com,2019-12-31
605,Mignon,Emanuel,Mignon.Emanuel@yopmail.com,Mignon.Emanuel@gmail.com,2017-10-03
606,Christian,Jammal,Christian.Jammal@yopmail.com,Christian.Jammal@gmail.com,2016-12-03
607,Sheree,Maribeth,Sheree.Maribeth@yopmail.com,Sheree.Maribeth@gmail.com,2016-09-03
608,Caryl,Newell,Caryl.Newell@yopmail.com,Caryl.Newell@gmail.com,2016-02-02
609,Georgetta,Jacqui,Georgetta.Jacqui@yopmail.com,Georgetta.Jacqui@gmail.com,2016-04-16
610,Daphne,Mendez,Daphne.Mendez@yopmail.com,Daphne.Mendez@gmail.com,2019-05-05
611,Brietta,Tristram,Brietta.Tristram@yopmail.com,Brietta.Tristram@gmail.com,2015-08-28
612,Chickie,Longfellow,Chickie.Longfellow@yopmail.com,Chickie.Longfellow@gmail.com,2019-03-18
613,Kittie,Zina,Kittie.Zina@yopmail.com,Kittie.Zina@gmail.com,2017-09-18
614,Amii,Marcellus,Amii.Marcellus@yopmail.com,Amii.Marcellus@gmail.com,2016-11-20
615,Rebeca,Kannry,Rebeca.Kannry@yopmail.com,Rebeca.Kannry@gmail.com,2017-05-29
616,Patricia,Read,Patricia.Read@yopmail.com,Patricia.Read@gmail.com,2018-02-25
617,Cherilyn,Ade,Cherilyn.Ade@yopmail.com,Cherilyn.Ade@gmail.com,2016-02-04
618,Desirae,Waldron,Desirae.Waldron@yopmail.com,Desirae.Waldron@gmail.com,2018-01-14
619,Elise,Monaco,Elise.Monaco@yopmail.com,Elise.Monaco@gmail.com,2019-08-04
620,Clarice,Riordan,Clarice.Riordan@yopmail.com,Clarice.Riordan@gmail.com,2015-08-29
621,Renae,Leopold,Renae.Leopold@yopmail.com,Renae.Leopold@gmail.com,2016-02-14
622,Allyce,Federica,Allyce.Federica@yopmail.com,Allyce.Federica@gmail.com,2017-10-31
623,Sue,Kellby,Sue.Kellby@yopmail.com,Sue.Kellby@gmail.com,2017-08-24
624,Sam,Gahl,Sam.Gahl@yopmail.com,Sam.Gahl@gmail.com,2019-11-19
625,Gianina,Sheedy,Gianina.Sheedy@yopmail.com,Gianina.Sheedy@gmail.com,2015-11-18
626,Valeda,Ackerley,Valeda.Ackerley@yopmail.com,Valeda.Ackerley@gmail.com,2016-04-24
627,Maud,Raychel,Maud.Raychel@yopmail.com,Maud.Raychel@gmail.com,2018-09-08
628,Steffane,Vacuva,Steffane.Vacuva@yopmail.com,Steffane.Vacuva@gmail.com,2018-12-28
629,Jinny,Kannry,Jinny.Kannry@yopmail.com,Jinny.Kannry@gmail.com,2015-12-29
630,Sharlene,Louanna,Sharlene.Louanna@yopmail.com,Sharlene.Louanna@gmail.com,2015-04-14
631,Belinda,Milson,Belinda.Milson@yopmail.com,Belinda.Milson@gmail.com,2019-08-26
632,Cordi,Israeli,Cordi.Israeli@yopmail.com,Cordi.Israeli@gmail.com,2018-11-09
633,Sheelagh,Wooster,Sheelagh.Wooster@yopmail.com,Sheelagh.Wooster@gmail.com,2015-11-13
634,Carlie,Devlen,Carlie.Devlen@yopmail.com,Carlie.Devlen@gmail.com,2018-10-01
635,Annabela,Campball,Annabela.Campball@yopmail.com,Annabela.Campball@gmail.com,2017-11-11
636,Linet,Karylin,Linet.Karylin@yopmail.com,Linet.Karylin@gmail.com,2017-05-06
637,Rosene,Uird,Rosene.Uird@yopmail.com,Rosene.Uird@gmail.com,2016-04-24
638,Shirlee,Ochs,Shirlee.Ochs@yopmail.com,Shirlee.Ochs@gmail.com,2019-05-15
639,Jasmina,Hedve,Jasmina.Hedve@yopmail.com,Jasmina.Hedve@gmail.com,2019-02-07
640,Louella,Ephrem,Louella.Ephrem@yopmail.com,Louella.Ephrem@gmail.com,2017-01-03
641,Michaelina,Niccolo,Michaelina.Niccolo@yopmail.com,Michaelina.Niccolo@gmail.com,2017-01-08
642,Frances,Bouchard,Frances.Bouchard@yopmail.com,Frances.Bouchard@gmail.com,2017-08-31
643,Correy,McCutcheon,Correy.McCutcheon@yopmail.com,Correy.McCutcheon@gmail.com,2015-08-04
644,Tori,Bultman,Tori.Bultman@yopmail.com,Tori.Bultman@gmail.com,2018-07-23
645,Romona,Presber,Romona.Presber@yopmail.com,Romona.Presber@gmail.com,2015-07-11
646,Max,Auberbach,Max.Auberbach@yopmail.com,Max.Auberbach@gmail.com,2016-01-31
647,Chloris,Helfand,Chloris.Helfand@yopmail.com,Chloris.Helfand@gmail.com,2019-02-01
648,Angelique,Guthrie,Angelique.Guthrie@yopmail.com,Angelique.Guthrie@gmail.com,2016-06-27
649,Silvana,Zenas,Silvana.Zenas@yopmail.com,Silvana.Zenas@gmail.com,2018-02-08
650,Cassondra,Flita,Cassondra.Flita@yopmail.com,Cassondra.Flita@gmail.com,2015-09-04
651,Libbie,Percy,Libbie.Percy@yopmail.com,Libbie.Percy@gmail.com,2017-10-24
652,Wynne,Louanna,Wynne.Louanna@yopmail.com,Wynne.Louanna@gmail.com,2019-05-12
653,Gabriellia,Bahr,Gabriellia.Bahr@yopmail.com,Gabriellia.Bahr@gmail.com,2015-10-08
654,Zia,Cimbura,Zia.Cimbura@yopmail.com,Zia.Cimbura@gmail.com,2018-01-25
655,Beverley,Hanleigh,Beverley.Hanleigh@yopmail.com,Beverley.Hanleigh@gmail.com,2019-10-17
656,Sheree,Goldina,Sheree.Goldina@yopmail.com,Sheree.Goldina@gmail.com,2019-07-23
657,Gerianna,Kellby,Gerianna.Kellby@yopmail.com,Gerianna.Kellby@gmail.com,2016-06-14
658,Lusa,Sheng,Lusa.Sheng@yopmail.com,Lusa.Sheng@gmail.com,2019-10-24
659,Kirstin,Cristi,Kirstin.Cristi@yopmail.com,Kirstin.Cristi@gmail.com,2019-01-05
660,Corina,Magdalen,Corina.Magdalen@yopmail.com,Corina.Magdalen@gmail.com,2016-06-19
661,Heddie,Sandye,Heddie.Sandye@yopmail.com,Heddie.Sandye@gmail.com,2015-04-14
662,Maye,Ramona,Maye.Ramona@yopmail.com,Maye.Ramona@gmail.com,2017-02-18
663,Donetta,Felizio,Donetta.Felizio@yopmail.com,Donetta.Felizio@gmail.com,2019-01-29
664,Ruthe,Dosia,Ruthe.Dosia@yopmail.com,Ruthe.Dosia@gmail.com,2015-06-26
665,Corina,Allare,Corina.Allare@yopmail.com,Corina.Allare@gmail.com,2017-03-26
666,Wilma,Bergman,Wilma.Bergman@yopmail.com,Wilma.Bergman@gmail.com,2018-09-07
667,Siana,Raffo,Siana.Raffo@yopmail.com,Siana.Raffo@gmail.com,2018-04-18
668,Dorene,Ailyn,Dorene.Ailyn@yopmail.com,Dorene.Ailyn@gmail.com,2019-04-08
669,Calla,Tomasina,Calla.Tomasina@yopmail.com,Calla.Tomasina@gmail.com,2016-03-09
670,Lila,Roche,Lila.Roche@yopmail.com,Lila.Roche@gmail.com,2018-07-06
671,Kaia,Linskey,Kaia.Linskey@yopmail.com,Kaia.Linskey@gmail.com,2018-05-29
672,Starla,Pulsifer,Starla.Pulsifer@yopmail.com,Starla.Pulsifer@gmail.com,2016-06-09
673,Alie,Grimbly,Alie.Grimbly@yopmail.com,Alie.Grimbly@gmail.com,2016-08-14
674,Sadie,Lareena,Sadie.Lareena@yopmail.com,Sadie.Lareena@gmail.com,2016-11-25
675,Tomasina,Ries,Tomasina.Ries@yopmail.com,Tomasina.Ries@gmail.com,2019-04-08
676,Desirae,Grayce,Desirae.Grayce@yopmail.com,Desirae.Grayce@gmail.com,2019-02-21
677,Darci,Markman,Darci.Markman@yopmail.com,Darci.Markman@gmail.com,2018-04-09
678,Chandra,Vernier,Chandra.Vernier@yopmail.com,Chandra.Vernier@gmail.com,2018-02-23
679,Tonia,Grosz,Tonia.Grosz@yopmail.com,Tonia.Grosz@gmail.com,2018-12-18
680,Christian,Ophelia,Christian.Ophelia@yopmail.com,Christian.Ophelia@gmail.com,2015-03-07
681,Cherilyn,Merat,Cherilyn.Merat@yopmail.com,Cherilyn.Merat@gmail.com,2015-09-21
682,Pollyanna,Ogren,Pollyanna.Ogren@yopmail.com,Pollyanna.Ogren@gmail.com,2019-04-17
683,Chickie,Avi,Chickie.Avi@yopmail.com,Chickie.Avi@gmail.com,2019-01-27
684,Nanete,Geffner,Nanete.Geffner@yopmail.com,Nanete.Geffner@gmail.com,2019-05-09
685,Marjie,Carolin,Marjie.Carolin@yopmail.com,Marjie.Carolin@gmail.com,2016-08-23
686,Adele,Ventre,Adele.Ventre@yopmail.com,Adele.Ventre@gmail.com,2018-04-22
687,Andeee,Flita,Andeee.Flita@yopmail.com,Andeee.Flita@gmail.com,2017-09-22
688,Pollyanna,Hailee,Pollyanna.Hailee@yopmail.com,Pollyanna.Hailee@gmail.com,2016-04-27
689,Amii,Lunsford,Amii.Lunsford@yopmail.com,Amii.Lunsford@gmail.com,2016-06-26
690,Shaylyn,Chandler,Shaylyn.Chandler@yopmail.com,Shaylyn.Chandler@gmail.com,2017-05-28
691,Marita,Weide,Marita.Weide@yopmail.com,Marita.Weide@gmail.com,2017-03-11
692,Allyce,Rosemary,Allyce.Rosemary@yopmail.com,Allyce.Rosemary@gmail.com,2019-03-25
693,Mary,Lesley,Mary.Lesley@yopmail.com,Mary.Lesley@gmail.com,2019-06-10
694,Roxane,Dunkin,Roxane.Dunkin@yopmail.com,Roxane.Dunkin@gmail.com,2019-04-13
695,Ardenia,Borrell,Ardenia.Borrell@yopmail.com,Ardenia.Borrell@gmail.com,2019-10-04
696,Brynna,Gerge,Brynna.Gerge@yopmail.com,Brynna.Gerge@gmail.com,2016-02-28
697,Ketti,Carmena,Ketti.Carmena@yopmail.com,Ketti.Carmena@gmail.com,2017-08-16
698,Lita,Bevin,Lita.Bevin@yopmail.com,Lita.Bevin@gmail.com,2018-06-02
699,Lisette,Warthman,Lisette.Warthman@yopmail.com,Lisette.Warthman@gmail.com,2019-07-10
700,Ekaterina,Ummersen,Ekaterina.Ummersen@yopmail.com,Ekaterina.Ummersen@gmail.com,2018-05-10
701,Adore,Estella,Adore.Estella@yopmail.com,Adore.Estella@gmail.com,2018-02-09
702,Carmela,Truc,Carmela.Truc@yopmail.com,Carmela.Truc@gmail.com,2017-08-08
703,Henriette,Letsou,Henriette.Letsou@yopmail.com,Henriette.Letsou@gmail.com,2017-03-27
704,Thalia,Idelia,Thalia.Idelia@yopmail.com,Thalia.Idelia@gmail.com,2019-06-22
705,Bettine,Gibbeon,Bettine.Gibbeon@yopmail.com,Bettine.Gibbeon@gmail.com,2017-01-28
706,Romona,Seagraves,Romona.Seagraves@yopmail.com,Romona.Seagraves@gmail.com,2015-01-05
707,Tarra,Bertold,Tarra.Bertold@yopmail.com,Tarra.Bertold@gmail.com,2018-09-28
708,Winifred,Weinreb,Winifred.Weinreb@yopmail.com,Winifred.Weinreb@gmail.com,2017-04-13
709,Dania,Shaddock,Dania.Shaddock@yopmail.com,Dania.Shaddock@gmail.com,2016-02-16
710,Ellette,Raul,Ellette.Raul@yopmail.com,Ellette.Raul@gmail.com,2016-10-10
711,Yolane,Kat,Yolane.Kat@yopmail.com,Yolane.Kat@gmail.com,2018-09-19
712,Alyda,Thomasina,Alyda.Thomasina@yopmail.com,Alyda.Thomasina@gmail.com,2016-06-07
713,Philis,Center,Philis.Center@yopmail.com,Philis.Center@gmail.com,2019-12-24
714,Elka,Lalitta,Elka.Lalitta@yopmail.com,Elka.Lalitta@gmail.com,2018-12-31
715,Melanie,Braun,Melanie.Braun@yopmail.com,Melanie.Braun@gmail.com,2016-11-04
716,Wilma,Faust,Wilma.Faust@yopmail.com,Wilma.Faust@gmail.com,2019-06-04
717,Imojean,Waldron,Imojean.Waldron@yopmail.com,Imojean.Waldron@gmail.com,2016-04-06
718,Janeczka,Gert,Janeczka.Gert@yopmail.com,Janeczka.Gert@gmail.com,2019-10-30
719,Leanna,Argus,Leanna.Argus@yopmail.com,Leanna.Argus@gmail.com,2018-11-22
720,Elfreda,Pandolfi,Elfreda.Pandolfi@yopmail.com,Elfreda.Pandolfi@gmail.com,2015-04-21
721,Maye,Capello,Maye.Capello@yopmail.com,Maye.Capello@gmail.com,2019-09-19
722,Di,Sholley,Di.Sholley@yopmail.com,Di.Sholley@gmail.com,2019-11-21
723,Dorene,Girardo,Dorene.Girardo@yopmail.com,Dorene.Girardo@gmail.com,2015-09-09
724,Lelah,Carlson,Lelah.Carlson@yopmail.com,Lelah.Carlson@gmail.com,2018-07-07
725,Neila,Tamar,Neila.Tamar@yopmail.com,Neila.Tamar@gmail.com,2017-06-05
726,Queenie,Kunin,Queenie.Kunin@yopmail.com,Queenie.Kunin@gmail.com,2016-07-27
727,Alex,Ilka,Alex.Ilka@yopmail.com,Alex.Ilka@gmail.com,2018-01-01
728,Bernie,Sidonius,Bernie.Sidonius@yopmail.com,Bernie.Sidonius@gmail.com,2015-02-02
729,Robinia,Hoenack,Robinia.Hoenack@yopmail.com,Robinia.Hoenack@gmail.com,2018-10-10
730,Edyth,Khorma,Edyth.Khorma@yopmail.com,Edyth.Khorma@gmail.com,2015-02-13
731,Wilma,Gerge,Wilma.Gerge@yopmail.com,Wilma.Gerge@gmail.com,2017-04-13
732,Gianina,Monk,Gianina.Monk@yopmail.com,Gianina.Monk@gmail.com,2017-01-03
733,Tatiania,Kamaria,Tatiania.Kamaria@yopmail.com,Tatiania.Kamaria@gmail.com,2019-03-20
734,Vonny,Pyle,Vonny.Pyle@yopmail.com,Vonny.Pyle@gmail.com,2017-08-13
735,Elyssa,Posner,Elyssa.Posner@yopmail.com,Elyssa.Posner@gmail.com,2015-07-21
736,Phedra,Nelsen,Phedra.Nelsen@yopmail.com,Phedra.Nelsen@gmail.com,2016-08-03
737,Shirlee,Stelle,Shirlee.Stelle@yopmail.com,Shirlee.Stelle@gmail.com,2019-01-20
738,Emylee,Demitria,Emylee.Demitria@yopmail.com,Emylee.Demitria@gmail.com,2018-10-04
739,Zaria,Kaete,Zaria.Kaete@yopmail.com,Zaria.Kaete@gmail.com,2017-08-24
740,Orsola,O'Rourke,Orsola.O'Rourke@yopmail.com,Orsola.O'Rourke@gmail.com,2016-04-18
741,Zaria,Anton,Zaria.Anton@yopmail.com,Zaria.Anton@gmail.com,2018-04-18
742,Pamella,Colyer,Pamella.Colyer@yopmail.com,Pamella.Colyer@gmail.com,2019-09-30
743,Louella,Dorcy,Louella.Dorcy@yopmail.com,Louella.Dorcy@gmail.com,2015-02-08
744,Ethel,Vacuva,Ethel.Vacuva@yopmail.com,Ethel.Vacuva@gmail.com,2018-04-29
745,Mureil,Terrence,Mureil.Terrence@yopmail.com,Mureil.Terrence@gmail.com,2015-04-01
746,Christal,Maroney,Christal.Maroney@yopmail.com,Christal.Maroney@gmail.com,2015-10-06
747,Gwenneth,Edvard,Gwenneth.Edvard@yopmail.com,Gwenneth.Edvard@gmail.com,2018-06-21
748,Cathyleen,Timon,Cathyleen.Timon@yopmail.com,Cathyleen.Timon@gmail.com,2019-08-10
749,Marika,Bord,Marika.Bord@yopmail.com,Marika.Bord@gmail.com,2016-06-30
750,Ezmeralda,Selway,Ezmeralda.Selway@yopmail.com,Ezmeralda.Selway@gmail.com,2015-07-18
751,Teddie,Whiffen,Teddie.Whiffen@yopmail.com,Teddie.Whiffen@gmail.com,2019-04-15
752,Nessie,Janith,Nessie.Janith@yopmail.com,Nessie.Janith@gmail.com,2016-01-10
753,Thalia,Wenoa,Thalia.Wenoa@yopmail.com,Thalia.Wenoa@gmail.com,2019-02-20
754,Genevra,Lory,Genevra.Lory@yopmail.com,Genevra.Lory@gmail.com,2019-03-27
755,Linet,Rona,Linet.Rona@yopmail.com,Linet.Rona@gmail.com,2017-03-24
756,Dorene,Hathaway,Dorene.Hathaway@yopmail.com,Dorene.Hathaway@gmail.com,2015-06-04
757,Paule,Corrine,Paule.Corrine@yopmail.com,Paule.Corrine@gmail.com,2015-12-01
758,Cristabel,Ephrem,Cristabel.Ephrem@yopmail.com,Cristabel.Ephrem@gmail.com,2017-11-25
759,Abbie,Rossner,Abbie.Rossner@yopmail.com,Abbie.Rossner@gmail.com,2019-01-30
760,Lynea,Chem,Lynea.Chem@yopmail.com,Lynea.Chem@gmail.com,2017-03-22
761,Kalina,Yorick,Kalina.Yorick@yopmail.com,Kalina.Yorick@gmail.com,2015-08-14
762,Brietta,Faso,Brietta.Faso@yopmail.com,Brietta.Faso@gmail.com,2016-10-06
763,Cissiee,Neils,Cissiee.Neils@yopmail.com,Cissiee.Neils@gmail.com,2019-11-14
764,Daphne,Hailee,Daphne.Hailee@yopmail.com,Daphne.Hailee@gmail.com,2016-07-12
765,Lulita,Rosalba,Lulita.Rosalba@yopmail.com,Lulita.Rosalba@gmail.com,2017-06-06
766,Corly,Bergman,Corly.Bergman@yopmail.com,Corly.Bergman@gmail.com,2015-08-16
767,Britni,Simmonds,Britni.Simmonds@yopmail.com,Britni.Simmonds@gmail.com,2016-10-04
768,Ardenia,Abernon,Ardenia.Abernon@yopmail.com,Ardenia.Abernon@gmail.com,2016-08-24
769,Mamie,Mehalek,Mamie.Mehalek@yopmail.com,Mamie.Mehalek@gmail.com,2016-10-26
770,Valli,Wallis,Valli.Wallis@yopmail.com,Valli.Wallis@gmail.com,2015-10-13
771,Rosaline,Bivins,Rosaline.Bivins@yopmail.com,Rosaline.Bivins@gmail.com,2015-04-11
772,Pamella,Merriott,Pamella.Merriott@yopmail.com,Pamella.Merriott@gmail.com,2019-08-31
773,Karolina,Delp,Karolina.Delp@yopmail.com,Karolina.Delp@gmail.com,2019-12-19
774,Lisette,Mehalek,Lisette.Mehalek@yopmail.com,Lisette.Mehalek@gmail.com,2016-08-29
775,Michaelina,Strephon,Michaelina.Strephon@yopmail.com,Michaelina.Strephon@gmail.com,2019-01-29
776,Gilligan,Chick,Gilligan.Chick@yopmail.com,Gilligan.Chick@gmail.com,2016-03-27
777,Karly,Ephrem,Karly.Ephrem@yopmail.com,Karly.Ephrem@gmail.com,2019-01-15
778,Delilah,Lucienne,Delilah.Lucienne@yopmail.com,Delilah.Lucienne@gmail.com,2016-08-27
779,Netty,Matthew,Netty.Matthew@yopmail.com,Netty.Matthew@gmail.com,2018-01-04
780,Joceline,Ilka,Joceline.Ilka@yopmail.com,Joceline.Ilka@gmail.com,2017-01-19
781,Asia,Vernier,Asia.Vernier@yopmail.com,Asia.Vernier@gmail.com,2015-09-23
782,Shaine,Seagraves,Shaine.Seagraves@yopmail.com,Shaine.Seagraves@gmail.com,2017-03-11
783,Renae,Haymes,Renae.Haymes@yopmail.com,Renae.Haymes@gmail.com,2019-07-09
784,Augustine,Longfellow,Augustine.Longfellow@yopmail.com,Augustine.Longfellow@gmail.com,2018-10-23
785,Leia,Vilma,Leia.Vilma@yopmail.com,Leia.Vilma@gmail.com,2018-06-29
786,Edee,Llovera,Edee.Llovera@yopmail.com,Edee.Llovera@gmail.com,2018-01-12
787,Clarice,Latini,Clarice.Latini@yopmail.com,Clarice.Latini@gmail.com,2016-10-20
788,Kimmy,Bryna,Kimmy.Bryna@yopmail.com,Kimmy.Bryna@gmail.com,2018-04-12
789,Estell,Barrus,Estell.Barrus@yopmail.com,Estell.Barrus@gmail.com,2015-04-27
790,Linet,Zaslow,Linet.Zaslow@yopmail.com,Linet.Zaslow@gmail.com,2018-08-10
791,Esmeralda,Si,Esmeralda.Si@yopmail.com,Esmeralda.Si@gmail.com,2016-12-23
792,Kerrin,Bartlett,Kerrin.Bartlett@yopmail.com,Kerrin.Bartlett@gmail.com,2018-02-08
793,Gabriellia,Rosalba,Gabriellia.Rosalba@yopmail.com,Gabriellia.Rosalba@gmail.com,2018-02-13
794,Rebeca,Milson,Rebeca.Milson@yopmail.com,Rebeca.Milson@gmail.com,2016-02-13
795,Larine,Talia,Larine.Talia@yopmail.com,Larine.Talia@gmail.com,2019-02-08
796,Carlie,Dyche,Carlie.Dyche@yopmail.com,Carlie.Dyche@gmail.com,2018-08-25
797,Beth,Kussell,Beth.Kussell@yopmail.com,Beth.Kussell@gmail.com,2015-03-23
798,Robbi,Auberbach,Robbi.Auberbach@yopmail.com,Robbi.Auberbach@gmail.com,2015-05-08
799,Alie,Lowry,Alie.Lowry@yopmail.com,Alie.Lowry@gmail.com,2019-12-28
800,Lelah,Brieta,Lelah.Brieta@yopmail.com,Lelah.Brieta@gmail.com,2018-12-07
801,Katharina,Elvyn,Katharina.Elvyn@yopmail.com,Katharina.Elvyn@gmail.com,2018-09-30
802,Maisey,Paton,Maisey.Paton@yopmail.com,Maisey.Paton@gmail.com,2017-03-21
803,Caryl,Garek,Caryl.Garek@yopmail.com,Caryl.Garek@gmail.com,2018-03-21
804,Roslyn,Aloise,Roslyn.Aloise@yopmail.com,Roslyn.Aloise@gmail.com,2019-06-01
805,Caritta,Konyn,Caritta.Konyn@yopmail.com,Caritta.Konyn@gmail.com,2017-05-29
806,Corly,Sheedy,Corly.Sheedy@yopmail.com,Corly.Sheedy@gmail.com,2016-06-11
807,Jasmina,Wiener,Jasmina.Wiener@yopmail.com,Jasmina.Wiener@gmail.com,2018-07-10
808,Quintina,Daniele,Quintina.Daniele@yopmail.com,Quintina.Daniele@gmail.com,2019-08-11
809,Beverley,Schenck,Beverley.Schenck@yopmail.com,Beverley.Schenck@gmail.com,2016-11-25
810,Korrie,Beniamino,Korrie.Beniamino@yopmail.com,Korrie.Beniamino@gmail.com,2015-02-26
811,Fernande,Wittie,Fernande.Wittie@yopmail.com,Fernande.Wittie@gmail.com,2018-06-13
812,Jenda,Delacourt,Jenda.Delacourt@yopmail.com,Jenda.Delacourt@gmail.com,2019-11-09
813,Deloria,Eiser,Deloria.Eiser@yopmail.com,Deloria.Eiser@gmail.com,2019-07-08
814,Letizia,Myrilla,Letizia.Myrilla@yopmail.com,Letizia.Myrilla@gmail.com,2015-03-07
815,Annecorinne,Alcott,Annecorinne.Alcott@yopmail.com,Annecorinne.Alcott@gmail.com,2017-01-29
816,Zaria,Sophronia,Zaria.Sophronia@yopmail.com,Zaria.Sophronia@gmail.com,2016-10-03
817,Addia,Vacuva,Addia.Vacuva@yopmail.com,Addia.Vacuva@gmail.com,2019-05-24
818,Pollyanna,Rozanna,Pollyanna.Rozanna@yopmail.com,Pollyanna.Rozanna@gmail.com,2018-02-20
819,Kamilah,Estella,Kamilah.Estella@yopmail.com,Kamilah.Estella@gmail.com,2016-09-18
820,Lenna,Georgy,Lenna.Georgy@yopmail.com,Lenna.Georgy@gmail.com,2019-09-26
821,Jsandye,Medrek,Jsandye.Medrek@yopmail.com,Jsandye.Medrek@gmail.com,2015-05-21
822,Renie,Felizio,Renie.Felizio@yopmail.com,Renie.Felizio@gmail.com,2016-08-04
823,Mallory,Chapland,Mallory.Chapland@yopmail.com,Mallory.Chapland@gmail.com,2019-02-23
824,Chere,Ephrem,Chere.Ephrem@yopmail.com,Chere.Ephrem@gmail.com,2019-11-21
825,Valli,Elsinore,Valli.Elsinore@yopmail.com,Valli.Elsinore@gmail.com,2017-01-20
826,Merry,Pernick,Merry.Pernick@yopmail.com,Merry.Pernick@gmail.com,2017-01-22
827,Aryn,Screens,Aryn.Screens@yopmail.com,Aryn.Screens@gmail.com,2018-09-29
828,Vinita,Romelda,Vinita.Romelda@yopmail.com,Vinita.Romelda@gmail.com,2016-01-03
829,Sidoney,Krystle,Sidoney.Krystle@yopmail.com,Sidoney.Krystle@gmail.com,2018-04-13
830,Ernesta,Toffic,Ernesta.Toffic@yopmail.com,Ernesta.Toffic@gmail.com,2016-06-10
831,Jerry,Romelda,Jerry.Romelda@yopmail.com,Jerry.Romelda@gmail.com,2017-04-16
832,Katuscha,Wiener,Katuscha.Wiener@yopmail.com,Katuscha.Wiener@gmail.com,2016-12-24
833,Lacie,Bettine,Lacie.Bettine@yopmail.com,Lacie.Bettine@gmail.com,2016-11-05
834,Lusa,Carey,Lusa.Carey@yopmail.com,Lusa.Carey@gmail.com,2019-08-09
835,Zondra,Santoro,Zondra.Santoro@yopmail.com,Zondra.Santoro@gmail.com,2019-03-22
836,Nyssa,Caitlin,Nyssa.Caitlin@yopmail.com,Nyssa.Caitlin@gmail.com,2016-04-02
837,Tera,Cherianne,Tera.Cherianne@yopmail.com,Tera.Cherianne@gmail.com,2017-06-26
838,Konstance,Kiyoshi,Konstance.Kiyoshi@yopmail.com,Konstance.Kiyoshi@gmail.com,2017-10-26
839,Melodie,Persse,Melodie.Persse@yopmail.com,Melodie.Persse@gmail.com,2018-03-11
840,Mathilda,Abram,Mathilda.Abram@yopmail.com,Mathilda.Abram@gmail.com,2017-10-25
841,Barbara,Katrine,Barbara.Katrine@yopmail.com,Barbara.Katrine@gmail.com,2018-05-24
842,Fred,Karna,Fred.Karna@yopmail.com,Fred.Karna@gmail.com,2015-02-24
843,Zsa Zsa,Muriel,Zsa Zsa.Muriel@yopmail.com,Zsa Zsa.Muriel@gmail.com,2017-12-03
844,Sue,Stoller,Sue.Stoller@yopmail.com,Sue.Stoller@gmail.com,2016-02-09
845,Genovera,Swigart,Genovera.Swigart@yopmail.com,Genovera.Swigart@gmail.com,2018-01-20
846,Karena,Eachern,Karena.Eachern@yopmail.com,Karena.Eachern@gmail.com,2016-01-12
847,Merle,Thad,Merle.Thad@yopmail.com,Merle.Thad@gmail.com,2016-11-18
848,Kristina,Bohlin,Kristina.Bohlin@yopmail.com,Kristina.Bohlin@gmail.com,2016-06-07
849,Bill,Hieronymus,Bill.Hieronymus@yopmail.com,Bill.Hieronymus@gmail.com,2018-06-18
850,Sabina,Gaulin,Sabina.Gaulin@yopmail.com,Sabina.Gaulin@gmail.com,2018-04-19
851,Mildrid,Evangelia,Mildrid.Evangelia@yopmail.com,Mildrid.Evangelia@gmail.com,2017-09-19
852,Georgina,Himelman,Georgina.Himelman@yopmail.com,Georgina.Himelman@gmail.com,2019-11-13
853,Laure,Diann,Laure.Diann@yopmail.com,Laure.Diann@gmail.com,2019-07-21
854,Tami,Fulmer,Tami.Fulmer@yopmail.com,Tami.Fulmer@gmail.com,2015-05-28
855,Brooks,Genna,Brooks.Genna@yopmail.com,Brooks.Genna@gmail.com,2015-03-22
856,Harmonia,Kiyoshi,Harmonia.Kiyoshi@yopmail.com,Harmonia.Kiyoshi@gmail.com,2017-01-26
857,Shell,Barney,Shell.Barney@yopmail.com,Shell.Barney@gmail.com,2016-11-11
858,Kelly,Leffen,Kelly.Leffen@yopmail.com,Kelly.Leffen@gmail.com,2019-08-05
859,Imojean,Vittoria,Imojean.Vittoria@yopmail.com,Imojean.Vittoria@gmail.com,2018-08-09
860,Sandie,Mauer,Sandie.Mauer@yopmail.com,Sandie.Mauer@gmail.com,2015-11-28
861,Gui,Burnside,Gui.Burnside@yopmail.com,Gui.Burnside@gmail.com,2019-12-13
862,Carly,Cleavland,Carly.Cleavland@yopmail.com,Carly.Cleavland@gmail.com,2018-04-04
863,Catharine,Claudine,Catharine.Claudine@yopmail.com,Catharine.Claudine@gmail.com,2018-02-02
864,Alex,Wilona,Alex.Wilona@yopmail.com,Alex.Wilona@gmail.com,2015-05-22
865,Anica,Lareena,Anica.Lareena@yopmail.com,Anica.Lareena@gmail.com,2019-10-08
866,Mariele,Wooster,Mariele.Wooster@yopmail.com,Mariele.Wooster@gmail.com,2018-08-02
867,Leona,Cavan,Leona.Cavan@yopmail.com,Leona.Cavan@gmail.com,2015-07-24
868,Pollyanna,Pernick,Pollyanna.Pernick@yopmail.com,Pollyanna.Pernick@gmail.com,2016-09-13
869,Correy,Carey,Correy.Carey@yopmail.com,Correy.Carey@gmail.com,2016-03-08
870,Renae,Suanne,Renae.Suanne@yopmail.com,Renae.Suanne@gmail.com,2019-01-01
871,Petronia,Georgy,Petronia.Georgy@yopmail.com,Petronia.Georgy@gmail.com,2019-03-12
872,Corry,Buffum,Corry.Buffum@yopmail.com,Corry.Buffum@gmail.com,2018-01-21
873,Marjie,Hortensia,Marjie.Hortensia@yopmail.com,Marjie.Hortensia@gmail.com,2016-01-26
874,Lynnea,Kamaria,Lynnea.Kamaria@yopmail.com,Lynnea.Kamaria@gmail.com,2015-04-15
875,Nelle,Quent,Nelle.Quent@yopmail.com,Nelle.Quent@gmail.com,2017-05-07
876,Damaris,Zrike,Damaris.Zrike@yopmail.com,Damaris.Zrike@gmail.com,2015-07-14
877,Drucie,Heisel,Drucie.Heisel@yopmail.com,Drucie.Heisel@gmail.com,2019-10-31
878,Thalia,Monk,Thalia.Monk@yopmail.com,Thalia.Monk@gmail.com,2018-06-07
879,Oralee,Gordon,Oralee.Gordon@yopmail.com,Oralee.Gordon@gmail.com,2019-06-03
880,Vanessa,Geffner,Vanessa.Geffner@yopmail.com,Vanessa.Geffner@gmail.com,2016-09-26
881,Corry,Abram,Corry.Abram@yopmail.com,Corry.Abram@gmail.com,2016-09-10
882,Rivalee,Lacombe,Rivalee.Lacombe@yopmail.com,Rivalee.Lacombe@gmail.com,2015-11-15
883,Heida,Glenden,Heida.Glenden@yopmail.com,Heida.Glenden@gmail.com,2015-02-06
884,Verla,Tatianas,Verla.Tatianas@yopmail.com,Verla.Tatianas@gmail.com,2019-12-23
885,Melanie,Anyah,Melanie.Anyah@yopmail.com,Melanie.Anyah@gmail.com,2017-05-19
886,Angelique,Bashemeth,Angelique.Bashemeth@yopmail.com,Angelique.Bashemeth@gmail.com,2018-03-04
887,Jaime,Kermit,Jaime.Kermit@yopmail.com,Jaime.Kermit@gmail.com,2019-08-22
888,Desirae,Joeann,Desirae.Joeann@yopmail.com,Desirae.Joeann@gmail.com,2017-10-17
889,Blake,Adlare,Blake.Adlare@yopmail.com,Blake.Adlare@gmail.com,2018-10-02
890,Lynde,Ferino,Lynde.Ferino@yopmail.com,Lynde.Ferino@gmail.com,2017-05-03
891,Marsiella,Ilka,Marsiella.Ilka@yopmail.com,Marsiella.Ilka@gmail.com,2015-06-06
892,Corene,Curren,Corene.Curren@yopmail.com,Corene.Curren@gmail.com,2018-03-31
893,Coral,Amasa,Coral.Amasa@yopmail.com,Coral.Amasa@gmail.com,2018-03-23
894,Blinni,Aida,Blinni.Aida@yopmail.com,Blinni.Aida@gmail.com,2016-10-21
895,Frank,Anastatius,Frank.Anastatius@yopmail.com,Frank.Anastatius@gmail.com,2015-08-09
896,Monika,Dawkins,Monika.Dawkins@yopmail.com,Monika.Dawkins@gmail.com,2017-05-22
897,Heddie,Ackerley,Heddie.Ackerley@yopmail.com,Heddie.Ackerley@gmail.com,2016-01-31
898,Sherrie,Franza,Sherrie.Franza@yopmail.com,Sherrie.Franza@gmail.com,2019-04-11
899,Rori,Bebe,Rori.Bebe@yopmail.com,Rori.Bebe@gmail.com,2016-08-05
900,Siana,Arne,Siana.Arne@yopmail.com,Siana.Arne@gmail.com,2019-01-23
901,Marylou,Amand,Marylou.Amand@yopmail.com,Marylou.Amand@gmail.com,2015-09-13
902,Carolina,Chrystel,Carolina.Chrystel@yopmail.com,Carolina.Chrystel@gmail.com,2018-01-14
903,Bernie,Engdahl,Bernie.Engdahl@yopmail.com,Bernie.Engdahl@gmail.com,2018-07-04
904,Iseabal,Raul,Iseabal.Raul@yopmail.com,Iseabal.Raul@gmail.com,2017-10-19
905,Bettine,Georas,Bettine.Georas@yopmail.com,Bettine.Georas@gmail.com,2019-03-27
906,Merci,Rudolph,Merci.Rudolph@yopmail.com,Merci.Rudolph@gmail.com,2016-08-22
907,Meg,Middleton,Meg.Middleton@yopmail.com,Meg.Middleton@gmail.com,2015-10-29
908,Courtnay,Konyn,Courtnay.Konyn@yopmail.com,Courtnay.Konyn@gmail.com,2015-05-11
909,Cacilie,Tannie,Cacilie.Tannie@yopmail.com,Cacilie.Tannie@gmail.com,2018-06-23
910,Darlleen,Bivins,Darlleen.Bivins@yopmail.com,Darlleen.Bivins@gmail.com,2016-07-10
911,Kristina,McClimans,Kristina.McClimans@yopmail.com,Kristina.McClimans@gmail.com,2019-11-14
912,Fanny,Lymann,Fanny.Lymann@yopmail.com,Fanny.Lymann@gmail.com,2016-06-14
913,Latisha,Vary,Latisha.Vary@yopmail.com,Latisha.Vary@gmail.com,2016-10-07
914,Yvonne,Gibbeon,Yvonne.Gibbeon@yopmail.com,Yvonne.Gibbeon@gmail.com,2016-01-02
915,Cecile,Trace,Cecile.Trace@yopmail.com,Cecile.Trace@gmail.com,2015-01-24
916,Kial,Lipson,Kial.Lipson@yopmail.com,Kial.Lipson@gmail.com,2015-05-17
917,Hope,Rocray,Hope.Rocray@yopmail.com,Hope.Rocray@gmail.com,2019-11-18
918,Kristan,Sherfield,Kristan.Sherfield@yopmail.com,Kristan.Sherfield@gmail.com,2018-10-21
919,Laure,Cyrie,Laure.Cyrie@yopmail.com,Laure.Cyrie@gmail.com,2015-03-07
920,Dania,Darrell,Dania.Darrell@yopmail.com,Dania.Darrell@gmail.com,2016-07-02
921,Olwen,O'Rourke,Olwen.O'Rourke@yopmail.com,Olwen.O'Rourke@gmail.com,2016-12-11
922,Alyda,Gwenore,Alyda.Gwenore@yopmail.com,Alyda.Gwenore@gmail.com,2019-07-10
923,Shirlee,Baudin,Shirlee.Baudin@yopmail.com,Shirlee.Baudin@gmail.com,2018-02-16
924,Lolita,Alejoa,Lolita.Alejoa@yopmail.com,Lolita.Alejoa@gmail.com,2016-06-19
925,Cecile,Ammann,Cecile.Ammann@yopmail.com,Cecile.Ammann@gmail.com,2016-09-10
926,Anallese,Frodi,Anallese.Frodi@yopmail.com,Anallese.Frodi@gmail.com,2019-03-06
927,Coral,Keily,Coral.Keily@yopmail.com,Coral.Keily@gmail.com,2016-07-21
928,Kellen,Bobbee,Kellen.Bobbee@yopmail.com,Kellen.Bobbee@gmail.com,2017-06-08
929,Felice,Winthorpe,Felice.Winthorpe@yopmail.com,Felice.Winthorpe@gmail.com,2019-07-08
930,Starla,Hedve,Starla.Hedve@yopmail.com,Starla.Hedve@gmail.com,2017-05-17
931,Edee,Hazlett,Edee.Hazlett@yopmail.com,Edee.Hazlett@gmail.com,2015-12-04
932,Adelle,Hieronymus,Adelle.Hieronymus@yopmail.com,Adelle.Hieronymus@gmail.com,2015-06-06
933,Kathy,Even,Kathy.Even@yopmail.com,Kathy.Even@gmail.com,2015-08-13
934,Nyssa,Fleeta,Nyssa.Fleeta@yopmail.com,Nyssa.Fleeta@gmail.com,2016-05-10
935,Britni,Adlare,Britni.Adlare@yopmail.com,Britni.Adlare@gmail.com,2016-12-22
936,Vonny,Meli,Vonny.Meli@yopmail.com,Vonny.Meli@gmail.com,2015-10-04
937,Chandra,Wilona,Chandra.Wilona@yopmail.com,Chandra.Wilona@gmail.com,2018-04-01
938,Lenna,Hedve,Lenna.Hedve@yopmail.com,Lenna.Hedve@gmail.com,2016-10-12
939,Roseline,Freddi,Roseline.Freddi@yopmail.com,Roseline.Freddi@gmail.com,2017-10-27
940,Nannie,Dash,Nannie.Dash@yopmail.com,Nannie.Dash@gmail.com,2015-11-19
941,Verla,Goode,Verla.Goode@yopmail.com,Verla.Goode@gmail.com,2015-02-06
942,Susan,Thunell,Susan.Thunell@yopmail.com,Susan.Thunell@gmail.com,2015-07-06
943,Margalo,Kare,Margalo.Kare@yopmail.com,Margalo.Kare@gmail.com,2015-06-26
944,Jany,Odell,Jany.Odell@yopmail.com,Jany.Odell@gmail.com,2019-02-05
945,Donetta,Joli,Donetta.Joli@yopmail.com,Donetta.Joli@gmail.com,2015-02-27
946,Sashenka,Tomasina,Sashenka.Tomasina@yopmail.com,Sashenka.Tomasina@gmail.com,2019-05-11
947,Rhoda,Odell,Rhoda.Odell@yopmail.com,Rhoda.Odell@gmail.com,2018-09-15
948,Ofilia,Lareena,Ofilia.Lareena@yopmail.com,Ofilia.Lareena@gmail.com,2015-02-27
949,Annice,Sinegold,Annice.Sinegold@yopmail.com,Annice.Sinegold@gmail.com,2017-09-08
950,Gilligan,Glenden,Gilligan.Glenden@yopmail.com,Gilligan.Glenden@gmail.com,2018-12-12
951,Gale,Brittani,Gale.Brittani@yopmail.com,Gale.Brittani@gmail.com,2018-07-23
952,Di,Cookie,Di.Cookie@yopmail.com,Di.Cookie@gmail.com,2016-02-05
953,Nicoli,Ball,Nicoli.Ball@yopmail.com,Nicoli.Ball@gmail.com,2015-02-06
954,Evaleen,Tengdin,Evaleen.Tengdin@yopmail.com,Evaleen.Tengdin@gmail.com,2015-05-20
955,Ginnie,Havens,Ginnie.Havens@yopmail.com,Ginnie.Havens@gmail.com,2015-02-19
956,Maud,Maiah,Maud.Maiah@yopmail.com,Maud.Maiah@gmail.com,2015-01-04
957,Corene,Krystle,Corene.Krystle@yopmail.com,Corene.Krystle@gmail.com,2019-08-20
958,Orsola,Middleton,Orsola.Middleton@yopmail.com,Orsola.Middleton@gmail.com,2018-09-11
959,Sybille,Lia,Sybille.Lia@yopmail.com,Sybille.Lia@gmail.com,2016-02-14
960,Zaria,Maxi,Zaria.Maxi@yopmail.com,Zaria.Maxi@gmail.com,2016-09-02
961,Elmira,Hertzfeld,Elmira.Hertzfeld@yopmail.com,Elmira.Hertzfeld@gmail.com,2019-07-10
962,Lelah,Japeth,Lelah.Japeth@yopmail.com,Lelah.Japeth@gmail.com,2017-08-09
963,Valera,Jarib,Valera.Jarib@yopmail.com,Valera.Jarib@gmail.com,2015-11-28
964,Kenna,Wenda,Kenna.Wenda@yopmail.com,Kenna.Wenda@gmail.com,2019-08-16
965,Debee,Sancho,Debee.Sancho@yopmail.com,Debee.Sancho@gmail.com,2018-08-12
966,Madalyn,Chapland,Madalyn.Chapland@yopmail.com,Madalyn.Chapland@gmail.com,2019-01-15
967,Barbi,Ursulette,Barbi.Ursulette@yopmail.com,Barbi.Ursulette@gmail.com,2016-09-07
968,Viviene,Rosemary,Viviene.Rosemary@yopmail.com,Viviene.Rosemary@gmail.com,2015-03-28
969,Silvana,Reneta,Silvana.Reneta@yopmail.com,Silvana.Reneta@gmail.com,2017-10-28
970,Angela,Jillane,Angela.Jillane@yopmail.com,Angela.Jillane@gmail.com,2017-12-01
971,Chere,Etom,Chere.Etom@yopmail.com,Chere.Etom@gmail.com,2017-03-05
972,Penelopa,Koziara,Penelopa.Koziara@yopmail.com,Penelopa.Koziara@gmail.com,2016-06-07
973,Maurene,Shanley,Maurene.Shanley@yopmail.com,Maurene.Shanley@gmail.com,2015-02-03
974,Jorry,Saunderson,Jorry.Saunderson@yopmail.com,Jorry.Saunderson@gmail.com,2016-03-29
975,Lulita,Schonfeld,Lulita.Schonfeld@yopmail.com,Lulita.Schonfeld@gmail.com,2018-01-14
976,Marinna,Carri,Marinna.Carri@yopmail.com,Marinna.Carri@gmail.com,2016-05-08
977,Jasmina,Tamsky,Jasmina.Tamsky@yopmail.com,Jasmina.Tamsky@gmail.com,2018-11-15
978,Caryl,Lilybelle,Caryl.Lilybelle@yopmail.com,Caryl.Lilybelle@gmail.com,2017-09-18
979,Fawne,Greenwald,Fawne.Greenwald@yopmail.com,Fawne.Greenwald@gmail.com,2015-01-04
980,Neila,Ellord,Neila.Ellord@yopmail.com,Neila.Ellord@gmail.com,2015-03-24
981,Therine,Seumas,Therine.Seumas@yopmail.com,Therine.Seumas@gmail.com,2016-01-30
982,Emma,Grosz,Emma.Grosz@yopmail.com,Emma.Grosz@gmail.com,2017-08-22
983,Jennica,Vacuva,Jennica.Vacuva@yopmail.com,Jennica.Vacuva@gmail.com,2016-03-23
984,Maurene,Gilmour,Maurene.Gilmour@yopmail.com,Maurene.Gilmour@gmail.com,2016-11-02
985,Winny,Japeth,Winny.Japeth@yopmail.com,Winny.Japeth@gmail.com,2017-12-08
986,Marika,Nadia,Marika.Nadia@yopmail.com,Marika.Nadia@gmail.com,2015-12-31
987,Gerianna,Concha,Gerianna.Concha@yopmail.com,Gerianna.Concha@gmail.com,2018-04-11
988,Jessy,Creamer,Jessy.Creamer@yopmail.com,Jessy.Creamer@gmail.com,2019-08-12
989,Deirdre,Marlie,Deirdre.Marlie@yopmail.com,Deirdre.Marlie@gmail.com,2018-02-13
990,Rori,Niccolo,Rori.Niccolo@yopmail.com,Rori.Niccolo@gmail.com,2016-11-10
991,Candi,Chick,Candi.Chick@yopmail.com,Candi.Chick@gmail.com,2019-07-19
992,Leanna,Shaddock,Leanna.Shaddock@yopmail.com,Leanna.Shaddock@gmail.com,2017-09-03
993,Kalina,Martguerita,Kalina.Martguerita@yopmail.com,Kalina.Martguerita@gmail.com,2019-11-10
994,Britni,Alejoa,Britni.Alejoa@yopmail.com,Britni.Alejoa@gmail.com,2019-10-04
995,Roberta,Gemini,Roberta.Gemini@yopmail.com,Roberta.Gemini@gmail.com,2015-09-06
996,Nita,Buffum,Nita.Buffum@yopmail.com,Nita.Buffum@gmail.com,2015-04-15
997,Noelle,Raimondo,Noelle.Raimondo@yopmail.com,Noelle.Raimondo@gmail.com,2016-05-27
998,Elvira,LaRue,Elvira.LaRue@yopmail.com,Elvira.LaRue@gmail.com,2017-06-02
999,Marcy,Uund,Marcy.Uund@yopmail.com,Marcy.Uund@gmail.com,2018-02-03
1000,Dulcinea,Ciapas,Dulcinea.Ciapas@yopmail.com,Dulcinea.Ciapas@gmail.com,2019-03-11
1001,Ermengarde,Robertson,Ermengarde.Robertson@yopmail.com,Ermengarde.Robertson@gmail.com,2018-06-10
1002,Selia,Bevin,Selia.Bevin@yopmail.com,Selia.Bevin@gmail.com,2017-03-03
1003,Ardenia,Engdahl,Ardenia.Engdahl@yopmail.com,Ardenia.Engdahl@gmail.com,2018-05-02
1004,Pamella,Charmine,Pamella.Charmine@yopmail.com,Pamella.Charmine@gmail.com,2016-08-21
1005,Elise,Carri,Elise.Carri@yopmail.com,Elise.Carri@gmail.com,2015-01-23
1006,Rozele,Imelida,Rozele.Imelida@yopmail.com,Rozele.Imelida@gmail.com,2019-06-20
1007,Sallie,Evangelia,Sallie.Evangelia@yopmail.com,Sallie.Evangelia@gmail.com,2019-06-01
1008,Regina,Dearborn,Regina.Dearborn@yopmail.com,Regina.Dearborn@gmail.com,2015-04-28
1009,Libbie,Regan,Libbie.Regan@yopmail.com,Libbie.Regan@gmail.com,2017-09-25
1010,Aigneis,Camden,Aigneis.Camden@yopmail.com,Aigneis.Camden@gmail.com,2018-09-26
1011,Marleah,Fleeta,Marleah.Fleeta@yopmail.com,Marleah.Fleeta@gmail.com,2015-06-10
1012,Rhoda,Uund,Rhoda.Uund@yopmail.com,Rhoda.Uund@gmail.com,2017-03-12
1013,Moyna,Kelula,Moyna.Kelula@yopmail.com,Moyna.Kelula@gmail.com,2019-08-18
1014,Minda,Lipson,Minda.Lipson@yopmail.com,Minda.Lipson@gmail.com,2018-01-09
1015,Judy,Roxanna,Judy.Roxanna@yopmail.com,Judy.Roxanna@gmail.com,2019-02-13
1016,Georgetta,Shirberg,Georgetta.Shirberg@yopmail.com,Georgetta.Shirberg@gmail.com,2015-10-31
1017,Britni,Liebermann,Britni.Liebermann@yopmail.com,Britni.Liebermann@gmail.com,2018-12-12
1018,Kate,Dituri,Kate.Dituri@yopmail.com,Kate.Dituri@gmail.com,2019-09-09
1019,Linet,Huggins,Linet.Huggins@yopmail.com,Linet.Huggins@gmail.com,2015-03-20
1020,Annecorinne,Yam,Annecorinne.Yam@yopmail.com,Annecorinne.Yam@gmail.com,2018-09-11
1021,Hyacinthe,Georas,Hyacinthe.Georas@yopmail.com,Hyacinthe.Georas@gmail.com,2016-11-22
1022,Aurelie,Edison,Aurelie.Edison@yopmail.com,Aurelie.Edison@gmail.com,2019-09-23
1023,Mallory,Oster,Mallory.Oster@yopmail.com,Mallory.Oster@gmail.com,2016-11-21
1024,Tressa,Goldina,Tressa.Goldina@yopmail.com,Tressa.Goldina@gmail.com,2017-06-29
1025,Lynde,Elvyn,Lynde.Elvyn@yopmail.com,Lynde.Elvyn@gmail.com,2019-03-28
1026,Florie,Whittaker,Florie.Whittaker@yopmail.com,Florie.Whittaker@gmail.com,2015-07-14
1027,Sharai,Stuart,Sharai.Stuart@yopmail.com,Sharai.Stuart@gmail.com,2017-03-21
1028,Rosaline,Ashely,Rosaline.Ashely@yopmail.com,Rosaline.Ashely@gmail.com,2017-03-17
1029,Anestassia,Naor,Anestassia.Naor@yopmail.com,Anestassia.Naor@gmail.com,2016-11-15
1030,Linet,Cavan,Linet.Cavan@yopmail.com,Linet.Cavan@gmail.com,2018-03-06
1031,Chastity,Cadmar,Chastity.Cadmar@yopmail.com,Chastity.Cadmar@gmail.com,2015-11-09
1032,Myriam,Casimir,Myriam.Casimir@yopmail.com,Myriam.Casimir@gmail.com,2019-06-30
1033,Tamqrah,Herrera,Tamqrah.Herrera@yopmail.com,Tamqrah.Herrera@gmail.com,2019-10-28
1034,Modestia,Tillford,Modestia.Tillford@yopmail.com,Modestia.Tillford@gmail.com,2019-06-07
1035,Gabriellia,Doig,Gabriellia.Doig@yopmail.com,Gabriellia.Doig@gmail.com,2017-01-31
1036,Ruthe,Japeth,Ruthe.Japeth@yopmail.com,Ruthe.Japeth@gmail.com,2019-10-24
1037,Willetta,Nikaniki,Willetta.Nikaniki@yopmail.com,Willetta.Nikaniki@gmail.com,2019-12-03
1038,Nerta,Bonilla,Nerta.Bonilla@yopmail.com,Nerta.Bonilla@gmail.com,2019-06-02
1039,Veda,Dominy,Veda.Dominy@yopmail.com,Veda.Dominy@gmail.com,2017-01-01
1040,Kenna,Schonfeld,Kenna.Schonfeld@yopmail.com,Kenna.Schonfeld@gmail.com,2017-06-25
1041,Cassandra,Clie,Cassandra.Clie@yopmail.com,Cassandra.Clie@gmail.com,2019-03-30
1042,Sean,Holtz,Sean.Holtz@yopmail.com,Sean.Holtz@gmail.com,2017-12-03
1043,Angela,Melan,Angela.Melan@yopmail.com,Angela.Melan@gmail.com,2018-02-27
1044,Roxane,Firmin,Roxane.Firmin@yopmail.com,Roxane.Firmin@gmail.com,2019-12-19
1045,Jacquetta,Skurnik,Jacquetta.Skurnik@yopmail.com,Jacquetta.Skurnik@gmail.com,2019-02-22
1046,Coral,Westphal,Coral.Westphal@yopmail.com,Coral.Westphal@gmail.com,2019-06-07
1047,Ruthe,Felizio,Ruthe.Felizio@yopmail.com,Ruthe.Felizio@gmail.com,2017-10-10
1048,Heida,Campball,Heida.Campball@yopmail.com,Heida.Campball@gmail.com,2018-01-18
1049,Deane,Garbe,Deane.Garbe@yopmail.com,Deane.Garbe@gmail.com,2017-10-11
1050,Chastity,Tannie,Chastity.Tannie@yopmail.com,Chastity.Tannie@gmail.com,2016-09-29
1051,Adele,Trinetta,Adele.Trinetta@yopmail.com,Adele.Trinetta@gmail.com,2015-12-21
1052,Carmela,Soneson,Carmela.Soneson@yopmail.com,Carmela.Soneson@gmail.com,2018-04-03
1053,Sharlene,Valoniah,Sharlene.Valoniah@yopmail.com,Sharlene.Valoniah@gmail.com,2019-09-15
1054,Harrietta,Telfer,Harrietta.Telfer@yopmail.com,Harrietta.Telfer@gmail.com,2016-10-05
1055,Annaliese,Gunn,Annaliese.Gunn@yopmail.com,Annaliese.Gunn@gmail.com,2015-11-10
1056,Raf,Hull,Raf.Hull@yopmail.com,Raf.Hull@gmail.com,2016-04-10
1057,Lonnie,Bahr,Lonnie.Bahr@yopmail.com,Lonnie.Bahr@gmail.com,2019-04-01
1058,Katleen,Fabiola,Katleen.Fabiola@yopmail.com,Katleen.Fabiola@gmail.com,2017-06-02
1059,Ulrike,Marijo,Ulrike.Marijo@yopmail.com,Ulrike.Marijo@gmail.com,2018-04-22
1060,Lacie,Urania,Lacie.Urania@yopmail.com,Lacie.Urania@gmail.com,2019-07-05
1061,Ermengarde,Bearnard,Ermengarde.Bearnard@yopmail.com,Ermengarde.Bearnard@gmail.com,2016-06-04
1062,Kirstin,Naor,Kirstin.Naor@yopmail.com,Kirstin.Naor@gmail.com,2015-02-12
1063,Gertrud,Erich,Gertrud.Erich@yopmail.com,Gertrud.Erich@gmail.com,2019-09-20
1064,Codie,Brieta,Codie.Brieta@yopmail.com,Codie.Brieta@gmail.com,2017-03-07
1065,Mara,Pattin,Mara.Pattin@yopmail.com,Mara.Pattin@gmail.com,2019-10-23
1066,Elmira,Morehouse,Elmira.Morehouse@yopmail.com,Elmira.Morehouse@gmail.com,2017-07-18
1067,Lorie,Anestassia,Lorie.Anestassia@yopmail.com,Lorie.Anestassia@gmail.com,2017-10-09
1068,Roseline,Phi,Roseline.Phi@yopmail.com,Roseline.Phi@gmail.com,2017-03-06
1069,Lilith,Pandolfi,Lilith.Pandolfi@yopmail.com,Lilith.Pandolfi@gmail.com,2016-12-14
1070,Ursulina,Lareena,Ursulina.Lareena@yopmail.com,Ursulina.Lareena@gmail.com,2017-10-14
1071,Henriette,Cordi,Henriette.Cordi@yopmail.com,Henriette.Cordi@gmail.com,2018-05-26
1072,Kirstin,Rustice,Kirstin.Rustice@yopmail.com,Kirstin.Rustice@gmail.com,2019-09-30
1073,Glynnis,Vary,Glynnis.Vary@yopmail.com,Glynnis.Vary@gmail.com,2016-12-28
1074,Amelia,Malvino,Amelia.Malvino@yopmail.com,Amelia.Malvino@gmail.com,2018-08-18
1075,Hollie,Dearborn,Hollie.Dearborn@yopmail.com,Hollie.Dearborn@gmail.com,2019-11-07
1076,Sissy,Annabella,Sissy.Annabella@yopmail.com,Sissy.Annabella@gmail.com,2017-11-07
1077,Meriel,Letsou,Meriel.Letsou@yopmail.com,Meriel.Letsou@gmail.com,2017-02-16
1078,Quintina,Ogren,Quintina.Ogren@yopmail.com,Quintina.Ogren@gmail.com,2015-08-04
1079,Margalo,Cimbura,Margalo.Cimbura@yopmail.com,Margalo.Cimbura@gmail.com,2019-05-18
1080,Donnie,Barney,Donnie.Barney@yopmail.com,Donnie.Barney@gmail.com,2018-02-06
1081,Corry,Magdalen,Corry.Magdalen@yopmail.com,Corry.Magdalen@gmail.com,2016-11-18
1082,Roslyn,Moseley,Roslyn.Moseley@yopmail.com,Roslyn.Moseley@gmail.com,2016-11-20
1083,Zaria,Hoenack,Zaria.Hoenack@yopmail.com,Zaria.Hoenack@gmail.com,2019-07-03
1084,Ethel,Juliet,Ethel.Juliet@yopmail.com,Ethel.Juliet@gmail.com,2019-01-01
1085,Frieda,Zina,Frieda.Zina@yopmail.com,Frieda.Zina@gmail.com,2015-10-27
1086,Coral,Silvan,Coral.Silvan@yopmail.com,Coral.Silvan@gmail.com,2017-12-04
1087,Alejandra,Cressida,Alejandra.Cressida@yopmail.com,Alejandra.Cressida@gmail.com,2019-10-04
1088,Emylee,Manolo,Emylee.Manolo@yopmail.com,Emylee.Manolo@gmail.com,2018-07-05
1089,Iseabal,Bord,Iseabal.Bord@yopmail.com,Iseabal.Bord@gmail.com,2019-10-19
1090,Ingrid,Briney,Ingrid.Briney@yopmail.com,Ingrid.Briney@gmail.com,2016-05-07
1091,Jany,Bluh,Jany.Bluh@yopmail.com,Jany.Bluh@gmail.com,2015-02-19
1092,Tiffie,Hermes,Tiffie.Hermes@yopmail.com,Tiffie.Hermes@gmail.com,2015-04-25
1093,Joelly,Land,Joelly.Land@yopmail.com,Joelly.Land@gmail.com,2016-05-19
1094,Tersina,Ackerley,Tersina.Ackerley@yopmail.com,Tersina.Ackerley@gmail.com,2017-03-01
1095,Maye,Cloris,Maye.Cloris@yopmail.com,Maye.Cloris@gmail.com,2016-03-05
1096,Arlena,Chabot,Arlena.Chabot@yopmail.com,Arlena.Chabot@gmail.com,2016-10-10
1097,Reeba,Frendel,Reeba.Frendel@yopmail.com,Reeba.Frendel@gmail.com,2018-03-06
1098,Arabel,Martsen,Arabel.Martsen@yopmail.com,Arabel.Martsen@gmail.com,2019-12-06
1099,Meriel,Grosz,Meriel.Grosz@yopmail.com,Meriel.Grosz@gmail.com,2017-03-13