id,firstname,lastname,email,profession
100,Orsola,Aldric,Orsola.Aldric@yopmail.com,firefighter
101,Vita,Howlyn,Vita.Howlyn@yopmail.com,worker
102,Wynne,Elvyn,Wynne.Elvyn@yopmail.com,police officer
103,Consuela,Salchunas,Consuela.Salchunas@yopmail.com,developer
104,Kayla,Bronk,Kayla.Bronk@yopmail.com,police officer
105,Cassandra,Terencio,Cassandra.Terencio@yopmail.com,police officer
106,Hayley,Fadiman,Hayley.Fadiman@yopmail.com,worker
107,Lanae,O'Rourke,Lanae.O'Rourke@yopmail.com,worker
108,Maurene,Ruvolo,Maurene.Ruvolo@yopmail.com,police officer
109,Adriana,Hessler,Adriana.Hessler@yopmail.com,firefighter
110,Kassey,Fax,Kassey.Fax@yopmail.com,firefighter
111,Silvana,Loeb,Silvana.Loeb@yopmail.com,police officer
112,Phylis,Strephon,Phylis.Strephon@yopmail.com,worker
113,Kerrin,Leary,Kerrin.Leary@yopmail.com,doctor
114,Christy,Kimmie,Christy.Kimmie@yopmail.com,doctor
115,Monika,Kauppi,Monika.Kauppi@yopmail.com,doctor
116,Marylou,Martsen,Marylou.Martsen@yopmail.com,firefighter
117,Ariela,Hewitt,Ariela.Hewitt@yopmail.com,police officer
118,Hermione,Sheng,Hermione.Sheng@yopmail.com,developer
119,Di,Izaak,Di.Izaak@yopmail.com,firefighter
120,Barbi,Carey,Barbi.Carey@yopmail.com,worker
121,Lisette,Haldas,Lisette.Haldas@yopmail.com,firefighter
122,Alexine,Lory,Alexine.Lory@yopmail.com,firefighter
123,Susan,Sandye,Susan.Sandye@yopmail.com,firefighter
124,Nollie,Mendez,Nollie.Mendez@yopmail.com,firefighter
125,Kathy,Bohlin,Kathy.Bohlin@yopmail.com,firefighter
126,Tera,Merriott,Tera.Merriott@yopmail.com,developer
127,Donnie,Peonir,Donnie.Peonir@yopmail.com,developer
128,Lilith,Nicoline,Lilith.Nicoline@yopmail.com,firefighter
129,Cristine,Brackely,Cristine.Brackely@yopmail.com,doctor
130,Jenilee,Monk,Jenilee.Monk@yopmail.com,police officer
131,Aurore,Ardra,Aurore.Ardra@yopmail.com,police officer
132,Gabriellia,Gavrila,Gabriellia.Gavrila@yopmail.com,police officer
133,Anallese,Kosey,Anallese.Kosey@yopmail.com,developer
134,Carmela,Annice,Carmela.Annice@yopmail.com,worker
135,Jany,Johanna,Jany.Johanna@yopmail.com,worker
136,Sandie,Bryna,Sandie.Bryna@yopmail.com,developer
137,Joleen,Cimbura,Joleen.Cimbura@yopmail.com,developer
138,Ida,Daegal,Ida.Daegal@yopmail.com,firefighter
139,Brooks,Tarrant,Brooks.Tarrant@yopmail.com,police officer
140,June,Lindemann,June.Lindemann@yopmail.com,doctor
141,Jenda,Poppy,Jenda.Poppy@yopmail.com,worker
142,Olwen,Alexandr,Olwen.Alexandr@yopmail.com,police officer
143,Dale,Hull,Dale.Hull@yopmail.com,worker
144,Dacia,Randene,Dacia.Randene@yopmail.com,developer
145,Romona,Lorenz,Romona.Lorenz@yopmail.com,worker
146,Verla,Jalbert,Verla.Jalbert@yopmail.com,firefighter
147,Nelle,Gahl,Nelle.Gahl@yopmail.com,police officer
148,Maud,Nicoline,Maud.Nicoline@yopmail.com,doctor
149,Clarice,Ehrman,Clarice.Ehrman@yopmail.com,firefighter
150,Riannon,Melleta,Riannon.Melleta@yopmail.com,police officer
151,Pearline,Stacy,Pearline.Stacy@yopmail.com,firefighter
152,Anthia,Gusella,Anthia.Gusella@yopmail.com,worker
153,Georgina,Cleo,Georgina.Cleo@yopmail.com,worker
154,Chloris,Llovera,Chloris.Llovera@yopmail.com,doctor
155,Gusty,Kronfeld,Gusty.Kronfeld@yopmail.com,worker
156,Jere,Bartlett,Jere.Bartlett@yopmail.com,police officer
157,Clary,Cynar,Clary.Cynar@yopmail.com,doctor
158,Augustine,Brackely,Augustine.Brackely@yopmail.com,doctor
159,Frank,Goddard,Frank.Goddard@yopmail.com,police officer
160,Meg,Thar,Meg.Thar@yopmail.com,firefighter
161,Marline,Reinke,Marline.Reinke@yopmail.com,firefighter
162,Kate,Jorgan,Kate.Jorgan@yopmail.com,police officer
163,Belinda,Carey,Belinda.Carey@yopmail.com,doctor
164,Camile,Secrest,Camile.Secrest@yopmail.com,worker
165,Kellen,Engdahl,Kellen.Engdahl@yopmail.com,developer
166,Danika,Hedve,Danika.Hedve@yopmail.com,worker
167,Johna,Newell,Johna.Newell@yopmail.com,firefighter
168,Annice,Jarib,Annice.Jarib@yopmail.com,doctor
169,Kimberley,Diann,Kimberley.Diann@yopmail.com,firefighter
170,Olivette,Noelyn,Olivette.Noelyn@yopmail.com,worker
171,Drucie,Roumell,Drucie.Roumell@yopmail.com,doctor
172,Cassondra,Love,Cassondra.Love@yopmail.com,doctor
173,Jerry,Swanhildas,Jerry.Swanhildas@yopmail.com,worker
174,Valera,Chandler,Valera.Chandler@yopmail.com,police officer
175,Stephanie,Blake,Stephanie.Blake@yopmail.com,firefighter
176,Beverley,Bluh,Beverley.Bluh@yopmail.com,police officer
177,Yolane,Gaspard,Yolane.Gaspard@yopmail.com,firefighter
178,Adore,Zamora,Adore.Zamora@yopmail.com,police officer
179,Tiffie,Hedve,Tiffie.Hedve@yopmail.com,firefighter
180,Marnia,Jefferey,Marnia.Jefferey@yopmail.com,worker
181,Maud,Xerxes,Maud.Xerxes@yopmail.com,worker
182,Kaia,Merna,Kaia.Merna@yopmail.com,doctor
183,Mureil,Thornburg,Mureil.Thornburg@yopmail.com,doctor
184,Ekaterina,Corilla,Ekaterina.Corilla@yopmail.com,doctor
185,Ira,Marlie,Ira.Marlie@yopmail.com,doctor
186,Nerta,Grayce,Nerta.Grayce@yopmail.com,developer
187,Gertrud,Justinn,Gertrud.Justinn@yopmail.com,doctor
188,Aimil,Masao,Aimil.Masao@yopmail.com,firefighter
189,Cyb,Wesle,Cyb.Wesle@yopmail.com,worker
190,Eve,Merriott,Eve.Merriott@yopmail.com,firefighter
191,Belva,Cordi,Belva.Cordi@yopmail.com,doctor
192,Lacie,Ferino,Lacie.Ferino@yopmail.com,doctor
193,Sallie,Stanwood,Sallie.Stanwood@yopmail.com,developer
194,Eve,Salchunas,Eve.Salchunas@yopmail.com,worker
195,Judy,Drus,Judy.Drus@yopmail.com,firefighter
196,Marinna,Gwenore,Marinna.Gwenore@yopmail.com,firefighter
197,Dyann,Haerr,Dyann.Haerr@yopmail.com,firefighter
198,Patricia,Cath,Patricia.Cath@yopmail.com,developer
199,Adelle,Magnolia,Adelle.Magnolia@yopmail.com,worker
200,Dione,Kirbee,Dione.Kirbee@yopmail.com,police officer
201,Emma,Vernier,Emma.Vernier@yopmail.com,firefighter
202,Farrah,Blisse,Farrah.Blisse@yopmail.com,developer
203,Keelia,Oscar,Keelia.Oscar@yopmail.com,firefighter
204,Corene,Pond,Corene.Pond@yopmail.com,police officer
205,Gusty,Pearse,Gusty.Pearse@yopmail.com,worker
206,Kittie,Isacco,Kittie.Isacco@yopmail.com,firefighter
207,Aryn,Bergman,Aryn.Bergman@yopmail.com,worker
208,Dorice,Colyer,Dorice.Colyer@yopmail.com,worker
209,Gwenneth,Nikaniki,Gwenneth.Nikaniki@yopmail.com,firefighter
210,Charissa,Stevy,Charissa.Stevy@yopmail.com,worker
211,Myrtice,Lea,Myrtice.Lea@yopmail.com,worker
212,Albertina,Lynn,Albertina.Lynn@yopmail.com,developer
213,Jaime,Olnee,Jaime.Olnee@yopmail.com,police officer
214,Maurene,Sherfield,Maurene.Sherfield@yopmail.com,police officer
215,Penelopa,Eachern,Penelopa.Eachern@yopmail.com,developer
216,Ida,Weinreb,Ida.Weinreb@yopmail.com,firefighter
217,Sarette,Levey,Sarette.Levey@yopmail.com,doctor
218,Shauna,Ambrosia,Shauna.Ambrosia@yopmail.com,firefighter
219,Cristabel,Haldas,Cristabel.Haldas@yopmail.com,police officer
220,Viki,Lane,Viki.Lane@yopmail.com,doctor
221,Vita,Natalia,Vita.Natalia@yopmail.com,police officer
222,Doralynne,Idelia,Doralynne.Idelia@yopmail.com,doctor
223,Janey,Wyn,Janey.Wyn@yopmail.com,police officer
224,Elora,Graig,Elora.Graig@yopmail.com,doctor
225,Tonia,Agle,Tonia.Agle@yopmail.com,police officer
226,Krystle,Ciapas,Krystle.Ciapas@yopmail.com,doctor
227,Melisent,Nerita,Melisent.Nerita@yopmail.com,police officer
228,Dede,Amand,Dede.Amand@yopmail.com,developer
229,Gertrud,Alarise,Gertrud.Alarise@yopmail.com,firefighter
230,Christy,Soneson,Christy.Soneson@yopmail.com,police officer
231,Atlanta,Faso,Atlanta.Faso@yopmail.com,developer
232,Katharina,Wu,Katharina.Wu@yopmail.com,police officer
233,Priscilla,Wenda,Priscilla.Wenda@yopmail.com,police officer
234,Ulrike,Marsden,Ulrike.Marsden@yopmail.com,worker
235,Doro,Peonir,Doro.Peonir@yopmail.com,developer
236,Carol-Jean,Elsinore,Carol-Jean.Elsinore@yopmail.com,worker
237,Oona,Auberbach,Oona.Auberbach@yopmail.com,firefighter
238,Lanae,Ambrosia,Lanae.Ambrosia@yopmail.com,police officer
239,Leeanne,Roxanna,Leeanne.Roxanna@yopmail.com,firefighter
240,Aryn,Therine,Aryn.Therine@yopmail.com,police officer
241,Babita,Stelle,Babita.Stelle@yopmail.com,worker
242,Robinia,Joni,Robinia.Joni@yopmail.com,doctor
243,Asia,Rooney,Asia.Rooney@yopmail.com,developer
244,Ira,Hourigan,Ira.Hourigan@yopmail.com,firefighter
245,Feliza,Dowski,Feliza.Dowski@yopmail.com,firefighter
246,Fanny,Rodmann,Fanny.Rodmann@yopmail.com,doctor
247,Carree,Brenn,Carree.Brenn@yopmail.com,doctor
248,Valli,Greenwald,Valli.Greenwald@yopmail.com,doctor
249,Emma,Jess,Emma.Jess@yopmail.com,developer
250,Hermione,Berard,Hermione.Berard@yopmail.com,developer
251,Petronia,Fennessy,Petronia.Fennessy@yopmail.com,developer
252,Ethel,Adalbert,Ethel.Adalbert@yopmail.com,police officer
253,Dulce,Lymann,Dulce.Lymann@yopmail.com,doctor
254,Veda,Berard,Veda.Berard@yopmail.com,doctor
255,Siana,Thar,Siana.Thar@yopmail.com,developer
256,Gloria,Haldas,Gloria.Haldas@yopmail.com,worker
257,Felice,Olin,Felice.Olin@yopmail.com,worker
258,Rubie,Oscar,Rubie.Oscar@yopmail.com,firefighter
259,Atlanta,Vilma,Atlanta.Vilma@yopmail.com,doctor
260,Mady,Newell,Mady.Newell@yopmail.com,developer
261,Tomasina,Anton,Tomasina.Anton@yopmail.com,firefighter
262,Josephine,Edvard,Josephine.Edvard@yopmail.com,police officer
263,Ivett,Toor,Ivett.Toor@yopmail.com,developer
264,Emma,Euridice,Emma.Euridice@yopmail.com,worker
265,Rhea,Corilla,Rhea.Corilla@yopmail.com,firefighter
266,Nananne,Wandie,Nananne.Wandie@yopmail.com,worker
267,Katuscha,Georgy,Katuscha.Georgy@yopmail.com,police officer
268,Shaine,Huggins,Shaine.Huggins@yopmail.com,worker
269,Miquela,Gilmour,Miquela.Gilmour@yopmail.com,doctor
270,Ana,Zola,Ana.Zola@yopmail.com,worker
271,Jessy,Natica,Jessy.Natica@yopmail.com,developer
272,Jaime,Suanne,Jaime.Suanne@yopmail.com,doctor
273,Vanessa,Janene,Vanessa.Janene@yopmail.com,doctor
274,Betta,Fadiman,Betta.Fadiman@yopmail.com,developer
275,Devina,Eno,Devina.Eno@yopmail.com,worker
276,Calla,Teddman,Calla.Teddman@yopmail.com,police officer
277,Tracey,Joseph,Tracey.Joseph@yopmail.com,developer
278,Collen,Vanni,Collen.Vanni@yopmail.com,firefighter
279,Gilligan,Arquit,Gilligan.Arquit@yopmail.com,worker
280,Dotty,Roarke,Dotty.Roarke@yopmail.com,firefighter
281,Florie,Holtz,Florie.Holtz@yopmail.com,firefighter
282,Yetty,Madox,Yetty.Madox@yopmail.com,police officer
283,Netty,Oster,Netty.Oster@yopmail.com,developer
284,Chere,Land,Chere.Land@yopmail.com,firefighter
285,Shel,Gale,Shel.Gale@yopmail.com,doctor
286,Shel,Celestine,Shel.Celestine@yopmail.com,developer
287,Flory,Jacqui,Flory.Jacqui@yopmail.com,doctor
288,Annabela,Klemperer,Annabela.Klemperer@yopmail.com,doctor
289,Tracey,Jethro,Tracey.Jethro@yopmail.com,developer
290,Rosaline,Amethist,Rosaline.Amethist@yopmail.com,developer
291,Brianna,Arquit,Brianna.Arquit@yopmail.com,developer
292,Dagmar,Pernick,Dagmar.Pernick@yopmail.com,developer
293,Barbi,Cavan,Barbi.Cavan@yopmail.com,worker
294,Elora,Kauppi,Elora.Kauppi@yopmail.com,developer
295,Natka,Maiah,Natka.Maiah@yopmail.com,police officer
296,Adriana,Merna,Adriana.Merna@yopmail.com,police officer
297,Eadie,Tannie,Eadie.Tannie@yopmail.com,firefighter
298,Barbi,Prouty,Barbi.Prouty@yopmail.com,police officer
299,Renie,Oster,Renie.Oster@yopmail.com,firefighter
300,Mahalia,Fosque,Mahalia.Fosque@yopmail.com,worker
301,Leia,Creamer,Leia.Creamer@yopmail.com,developer
302,Flory,Penelopa,Flory.Penelopa@yopmail.com,doctor
303,Danika,Eiser,Danika.Eiser@yopmail.com,police officer
304,Adore,Nester,Adore.Nester@yopmail.com,developer
305,Emma,Couture,Emma.Couture@yopmail.com,police officer
306,Judy,Abbot,Judy.Abbot@yopmail.com,firefighter
307,Daphne,Jobi,Daphne.Jobi@yopmail.com,developer
308,Penelopa,Martguerita,Penelopa.Martguerita@yopmail.com,worker
309,Blondelle,Marsden,Blondelle.Marsden@yopmail.com,worker
310,Eugine,Merat,Eugine.Merat@yopmail.com,developer
311,Joelly,Amasa,Joelly.Amasa@yopmail.com,firefighter
312,Benita,Serilda,Benita.Serilda@yopmail.com,doctor
313,Daryl,Gualtiero,Daryl.Gualtiero@yopmail.com,firefighter
314,Frieda,Herrera,Frieda.Herrera@yopmail.com,doctor
315,Veda,Baylor,Veda.Baylor@yopmail.com,police officer
316,Feliza,Roumell,Feliza.Roumell@yopmail.com,worker
317,Eugine,Tristram,Eugine.Tristram@yopmail.com,firefighter
318,Sophia,Yusuk,Sophia.Yusuk@yopmail.com,developer
319,Aryn,Ivens,Aryn.Ivens@yopmail.com,firefighter
320,Tierney,Socha,Tierney.Socha@yopmail.com,police officer
321,Aimil,Shanley,Aimil.Shanley@yopmail.com,doctor
322,Rani,O'Carroll,Rani.O'Carroll@yopmail.com,worker
323,Lorie,Obed,Lorie.Obed@yopmail.com,police officer
324,Willetta,Maples,Willetta.Maples@yopmail.com,worker
325,Vanessa,Urania,Vanessa.Urania@yopmail.com,police officer
326,Emilia,Stoller,Emilia.Stoller@yopmail.com,firefighter
327,Micheline,Niccolo,Micheline.Niccolo@yopmail.com,worker
328,Priscilla,Berriman,Priscilla.Berriman@yopmail.com,doctor
329,Rani,Carri,Rani.Carri@yopmail.com,police officer
330,Vinita,Bultman,Vinita.Bultman@yopmail.com,doctor
331,Rosanne,Podvin,Rosanne.Podvin@yopmail.com,doctor
332,Alie,Elephus,Alie.Elephus@yopmail.com,doctor
333,Joane,Garbe,Joane.Garbe@yopmail.com,developer
334,Jany,Gemini,Jany.Gemini@yopmail.com,police officer
335,Tierney,Telfer,Tierney.Telfer@yopmail.com,firefighter
336,Janis,Cecile,Janis.Cecile@yopmail.com,police officer
337,Blondelle,Nahum,Blondelle.Nahum@yopmail.com,firefighter
338,Lily,Fry,Lily.Fry@yopmail.com,doctor
339,Sophia,Tryck,Sophia.Tryck@yopmail.com,developer
340,Halette,Prober,Halette.Prober@yopmail.com,firefighter
341,Teddie,Hull,Teddie.Hull@yopmail.com,doctor
342,Nollie,Fairweather,Nollie.Fairweather@yopmail.com,firefighter
343,June,Azeria,June.Azeria@yopmail.com,firefighter
344,Rivalee,Robertson,Rivalee.Robertson@yopmail.com,doctor
345,Ellette,Lail,Ellette.Lail@yopmail.com,doctor
346,Hyacinthe,Guildroy,Hyacinthe.Guildroy@yopmail.com,police officer
347,Leona,Earlie,Leona.Earlie@yopmail.com,firefighter
348,Caressa,Sacken,Caressa.Sacken@yopmail.com,police officer
349,Keelia,Miru,Keelia.Miru@yopmail.com,firefighter
350,Letizia,Ricki,Letizia.Ricki@yopmail.com,firefighter
351,Brynna,Aaberg,Brynna.Aaberg@yopmail.com,doctor
352,Nyssa,Olympium,Nyssa.Olympium@yopmail.com,worker
353,Celene,Neva,Celene.Neva@yopmail.com,developer
354,Kaia,Kannry,Kaia.Kannry@yopmail.com,worker
355,Caressa,Quinn,Caressa.Quinn@yopmail.com,worker
356,Ileana,An,Ileana.An@yopmail.com,worker
357,Rozele,Havens,Rozele.Havens@yopmail.com,doctor
358,Gavrielle,Eldrid,Gavrielle.Eldrid@yopmail.com,police officer
359,Felice,Cherianne,Felice.Cherianne@yopmail.com,police officer
360,Neila,Lasley,Neila.Lasley@yopmail.com,worker
361,Ileana,Scammon,Ileana.Scammon@yopmail.com,police officer
362,Olivette,Wilkinson,Olivette.Wilkinson@yopmail.com,firefighter
363,Harmonia,Mehalek,Harmonia.Mehalek@yopmail.com,worker
364,Sashenka,Latini,Sashenka.Latini@yopmail.com,developer
365,Gratia,Goldina,Gratia.Goldina@yopmail.com,doctor
366,Gratia,Beebe,Gratia.Beebe@yopmail.com,developer
367,Melanie,Pacorro,Melanie.Pacorro@yopmail.com,police officer
368,Marinna,Artie,Marinna.Artie@yopmail.com,doctor
369,Nessie,Mintz,Nessie.Mintz@yopmail.com,worker
370,Sue,Whiffen,Sue.Whiffen@yopmail.com,police officer
371,Albertina,Faria,Albertina.Faria@yopmail.com,firefighter
372,Donetta,Chinua,Donetta.Chinua@yopmail.com,developer
373,Gusty,Elsinore,Gusty.Elsinore@yopmail.com,worker
374,Ginnie,Flita,Ginnie.Flita@yopmail.com,doctor
375,Antonietta,Laurianne,Antonietta.Laurianne@yopmail.com,doctor
376,Kenna,Trace,Kenna.Trace@yopmail.com,doctor
377,Nollie,Fabiola,Nollie.Fabiola@yopmail.com,firefighter
378,Christian,Agle,Christian.Agle@yopmail.com,doctor
379,Ida,Colp,Ida.Colp@yopmail.com,worker
380,Elmira,Bevin,Elmira.Bevin@yopmail.com,doctor
381,Cindelyn,Jena,Cindelyn.Jena@yopmail.com,worker
382,Jsandye,Zrike,Jsandye.Zrike@yopmail.com,developer
383,Marline,Madaih,Marline.Madaih@yopmail.com,developer
384,Carly,Colbert,Carly.Colbert@yopmail.com,firefighter
385,Paola,Blake,Paola.Blake@yopmail.com,worker
386,Mary,Wallis,Mary.Wallis@yopmail.com,police officer
387,Modestia,Alrich,Modestia.Alrich@yopmail.com,worker
388,Dulcinea,Himelman,Dulcinea.Himelman@yopmail.com,developer
389,Lorenza,Bury,Lorenza.Bury@yopmail.com,developer
390,Anica,Berne,Anica.Berne@yopmail.com,police officer
391,Kelly,Tatianas,Kelly.Tatianas@yopmail.com,firefighter
392,Aimil,Amadas,Aimil.Amadas@yopmail.com,firefighter
393,Delilah,Ingra,Delilah.Ingra@yopmail.com,police officer
394,Cassondra,Wind,Cassondra.Wind@yopmail.com,doctor
395,Briney,Hieronymus,Briney.Hieronymus@yopmail.com,worker
396,Deirdre,Vorster,Deirdre.Vorster@yopmail.com,firefighter
397,Edith,Weinreb,Edith.Weinreb@yopmail.com,doctor
398,Georgetta,Francyne,Georgetta.Francyne@yopmail.com,worker
399,Adriana,Bultman,Adriana.Bultman@yopmail.com,firefighter
400,Romona,Nicoline,Romona.Nicoline@yopmail.com,developer
401,Codie,Sharl,Codie.Sharl@yopmail.com,firefighter
402,Jemie,Arathorn,Jemie.Arathorn@yopmail.com,doctor
403,Morganica,Claudine,Morganica.Claudine@yopmail.com,developer
404,Viki,Middleton,Viki.Middleton@yopmail.com,doctor
405,Riannon,Urias,Riannon.Urias@yopmail.com,developer
406,Robinia,Autrey,Robinia.Autrey@yopmail.com,developer
407,Daryl,Hubert,Daryl.Hubert@yopmail.com,worker
408,Shell,Destinee,Shell.Destinee@yopmail.com,firefighter
409,Jobi,Bates,Jobi.Bates@yopmail.com,police officer
410,Marleah,Juan,Marleah.Juan@yopmail.com,doctor
411,Carlie,Gibbeon,Carlie.Gibbeon@yopmail.com,developer
412,Kate,Skell,Kate.Skell@yopmail.com,firefighter
413,Melina,Shaddock,Melina.Shaddock@yopmail.com,doctor
414,Lanae,Gladstone,Lanae.Gladstone@yopmail.com,police officer
415,Amii,Alarise,Amii.Alarise@yopmail.com,firefighter
416,Micheline,Sharl,Micheline.Sharl@yopmail.com,worker
417,Dorthy,Himelman,Dorthy.Himelman@yopmail.com,police officer
418,Jessamyn,Bibi,Jessamyn.Bibi@yopmail.com,police officer
419,Violet,Codding,Violet.Codding@yopmail.com,police officer
420,Marsiella,McGrody,Marsiella.McGrody@yopmail.com,developer
421,Suzette,LaRue,Suzette.LaRue@yopmail.com,firefighter
422,Stephanie,Cath,Stephanie.Cath@yopmail.com,developer
423,Roseline,Zola,Roseline.Zola@yopmail.com,firefighter
424,Rozele,Sekofski,Rozele.Sekofski@yopmail.com,worker
425,Tersina,Sikorski,Tersina.Sikorski@yopmail.com,worker
426,Emmey,Evvie,Emmey.Evvie@yopmail.com,police officer
427,Wilma,Kirstin,Wilma.Kirstin@yopmail.com,developer
428,Taffy,Chaing,Taffy.Chaing@yopmail.com,worker
429,Daryl,Kellby,Daryl.Kellby@yopmail.com,police officer
430,Myriam,Carvey,Myriam.Carvey@yopmail.com,worker
431,Corry,Maiah,Corry.Maiah@yopmail.com,police officer
432,Ekaterina,Stelle,Ekaterina.Stelle@yopmail.com,developer
433,Kenna,Hermes,Kenna.Hermes@yopmail.com,developer
434,Tabbatha,Alfons,Tabbatha.Alfons@yopmail.com,police officer
435,Fred,Fiester,Fred.Fiester@yopmail.com,firefighter
436,Di,Christine,Di.Christine@yopmail.com,doctor
437,Bernardine,Euridice,Bernardine.Euridice@yopmail.com,police officer
438,Nessie,Dorine,Nessie.Dorine@yopmail.com,doctor
439,Dyann,Alwin,Dyann.Alwin@yopmail.com,firefighter
440,Jacenta,Colp,Jacenta.Colp@yopmail.com,firefighter
441,Madeleine,Kirbee,Madeleine.Kirbee@yopmail.com,developer
442,Liana,Maryanne,Liana.Maryanne@yopmail.com,developer
443,Marika,Seagraves,Marika.Seagraves@yopmail.com,firefighter
444,Zondra,Stanwood,Zondra.Stanwood@yopmail.com,developer
445,Daphne,Kolnick,Daphne.Kolnick@yopmail.com,developer
446,Emmey,Imelida,Emmey.Imelida@yopmail.com,police officer
447,Anestassia,Margarete,Anestassia.Margarete@yopmail.com,firefighter
448,Jeanna,Frodi,Jeanna.Frodi@yopmail.com,worker
449,Viviene,Greyson,Viviene.Greyson@yopmail.com,worker
450,Jasmina,Amasa,Jasmina.Amasa@yopmail.com,police officer
451,Genevra,Saree,Genevra.Saree@yopmail.com,worker
452,Florie,Tound,Florie.Tound@yopmail.com,developer
453,Michaelina,Chobot,Michaelina.Chobot@yopmail.com,worker
454,Melodie,Donell,Melodie.Donell@yopmail.com,developer
455,Shannah,Linskey,Shannah.Linskey@yopmail.com,police officer
456,Lizzie,Zamora,Lizzie.Zamora@yopmail.com,developer
457,Riannon,Munn,Riannon.Munn@yopmail.com,doctor
458,Netty,Brandice,Netty.Brandice@yopmail.com,doctor
459,Marguerite,Turne,Marguerite.Turne@yopmail.com,developer
460,Mellicent,Fredi,Mellicent.Fredi@yopmail.com,police officer
461,Julieta,Pulsifer,Julieta.Pulsifer@yopmail.com,police officer
462,Steffane,Leary,Steffane.Leary@yopmail.com,worker
463,Larine,Bearnard,Larine.Bearnard@yopmail.com,developer
464,Bibby,Claudine,Bibby.Claudine@yopmail.com,worker
465,Sharai,Pip,Sharai.Pip@yopmail.com,police officer
466,Fina,Melan,Fina.Melan@yopmail.com,firefighter
467,Hollie,Margret,Hollie.Margret@yopmail.com,developer
468,Marylou,Magdalen,Marylou.Magdalen@yopmail.com,police officer
469,Laure,Whiffen,Laure.Whiffen@yopmail.com,doctor
470,Ariela,Margret,Ariela.Margret@yopmail.com,doctor
471,Tomasina,Libna,Tomasina.Libna@yopmail.com,developer
472,Roz,Bakerman,Roz.Bakerman@yopmail.com,police officer
473,Charlena,Joni,Charlena.Joni@yopmail.com,doctor
474,Candy,Nance,Candy.Nance@yopmail.com,worker
475,Darci,Cristi,Darci.Cristi@yopmail.com,firefighter
476,Cristine,Shuler,Cristine.Shuler@yopmail.com,firefighter
477,Tatiania,Anis,Tatiania.Anis@yopmail.com,police officer
478,Mireielle,Creamer,Mireielle.Creamer@yopmail.com,developer
479,Laurene,Colp,Laurene.Colp@yopmail.com,firefighter
480,Harmonia,Thar,Harmonia.Thar@yopmail.com,firefighter
481,Odessa,Judye,Odessa.Judye@yopmail.com,police officer
482,Karly,Mallon,Karly.Mallon@yopmail.com,worker
483,Clarice,Paine,Clarice.Paine@yopmail.com,police officer
484,Mariele,Isidore,Mariele.Isidore@yopmail.com,police officer
485,Nyssa,Juliet,Nyssa.Juliet@yopmail.com,worker
486,Sean,Tomasina,Sean.Tomasina@yopmail.com,doctor
487,Genovera,Sibyls,Genovera.Sibyls@yopmail.com,developer
488,Margalo,Heisel,Margalo.Heisel@yopmail.com,developer
489,Micheline,Faso,Micheline.Faso@yopmail.com,doctor
490,Almeta,Vastah,Almeta.Vastah@yopmail.com,firefighter
491,Sybille,Couture,Sybille.Couture@yopmail.com,firefighter
492,Stevana,Leler,Stevana.Leler@yopmail.com,developer
493,Tobe,Charmine,Tobe.Charmine@yopmail.com,police officer
494,Annora,Hachmin,Annora.Hachmin@yopmail.com,police officer
495,Dari,Weide,Dari.Weide@yopmail.com,doctor
496,Ardenia,Keelia,Ardenia.Keelia@yopmail.com,doctor
497,Hope,Oneida,Hope.Oneida@yopmail.com,police officer
498,Suzette,Leopold,Suzette.Leopold@yopmail.com,worker
499,Sheelagh,O'Neill,Sheelagh.O'Neill@yopmail.com,doctor
500,Augustine,Ursulette,Augustine.Ursulette@yopmail.com,doctor
501,Joane,Myrilla,Joane.Myrilla@yopmail.com,police officer
502,Grier,Isidore,Grier.Isidore@yopmail.com,developer
503,Brooks,Jammal,Brooks.Jammal@yopmail.com,firefighter
504,Ronna,Colp,Ronna.Colp@yopmail.com,police officer
505,Catrina,Thema,Catrina.Thema@yopmail.com,developer
506,Natka,Amethist,Natka.Amethist@yopmail.com,firefighter
507,Sindee,Bertold,Sindee.Bertold@yopmail.com,firefighter
508,Evita,Salchunas,Evita.Salchunas@yopmail.com,firefighter
509,Thalia,Ilka,Thalia.Ilka@yopmail.com,doctor
510,Katuscha,Campball,Katuscha.Campball@yopmail.com,police officer
511,Tressa,Papageno,Tressa.Papageno@yopmail.com,doctor
512,Sheree,Celestine,Sheree.Celestine@yopmail.com,worker
513,Stephanie,Laverne,Stephanie.Laverne@yopmail.com,doctor
514,Regina,Zola,Regina.Zola@yopmail.com,doctor
515,Marika,Wiener,Marika.Wiener@yopmail.com,firefighter
516,Shel,Eliathas,Shel.Eliathas@yopmail.com,police officer
517,Clary,Lauraine,Clary.Lauraine@yopmail.com,developer
518,Mady,Aldric,Mady.Aldric@yopmail.com,doctor
519,Zaria,Charity,Zaria.Charity@yopmail.com,doctor
520,Abbie,Silvan,Abbie.Silvan@yopmail.com,worker
521,Kristan,Dulciana,Kristan.Dulciana@yopmail.com,developer
522,Noelle,Robertson,Noelle.Robertson@yopmail.com,worker
523,Edee,Cottle,Edee.Cottle@yopmail.com,doctor
524,Veda,Margret,Veda.Margret@yopmail.com,doctor
525,Lacie,Odysseus,Lacie.Odysseus@yopmail.com,developer
526,Josephine,Wu,Josephine.Wu@yopmail.com,firefighter
527,Jean,Klotz,Jean.Klotz@yopmail.com,firefighter
528,Marline,Abram,Marline.Abram@yopmail.com,firefighter
529,Alia,Fontana,Alia.Fontana@yopmail.com,firefighter
530,Michaelina,Fancie,Michaelina.Fancie@yopmail.com,doctor
531,Antonietta,Pattin,Antonietta.Pattin@yopmail.com,police officer
532,Jillayne,Wyn,Jillayne.Wyn@yopmail.com,police officer
533,Catharine,Astra,Catharine.Astra@yopmail.com,developer
534,Janeczka,Behre,Janeczka.Behre@yopmail.com,firefighter
535,Chickie,Ciro,Chickie.Ciro@yopmail.com,developer
536,Shaylyn,Dannye,Shaylyn.Dannye@yopmail.com,worker
537,Jillayne,Shaddock,Jillayne.Shaddock@yopmail.com,doctor
538,Lolita,Ferino,Lolita.Ferino@yopmail.com,firefighter
539,Gertrud,Cloris,Gertrud.Cloris@yopmail.com,firefighter
540,Aubrie,Rosalba,Aubrie.Rosalba@yopmail.com,doctor
541,Feliza,Lauraine,Feliza.Lauraine@yopmail.com,doctor
542,Renae,Sibyls,Renae.Sibyls@yopmail.com,developer
543,Averyl,Romelda,Averyl.Romelda@yopmail.com,firefighter
544,Nikki,Nickola,Nikki.Nickola@yopmail.com,firefighter
545,Olwen,Aprile,Olwen.Aprile@yopmail.com,doctor
546,Jany,Granoff,Jany.Granoff@yopmail.com,worker
547,Feliza,Keelia,Feliza.Keelia@yopmail.com,developer
548,Dulce,Milde,Dulce.Milde@yopmail.com,worker
549,Gaylene,Duwalt,Gaylene.Duwalt@yopmail.com,developer
550,Almeta,Carey,Almeta.Carey@yopmail.com,worker
551,Fred,Neils,Fred.Neils@yopmail.com,worker
552,Karly,Lesley,Karly.Lesley@yopmail.com,police officer
553,Hermione,Lipson,Hermione.Lipson@yopmail.com,worker
554,Alyssa,Selway,Alyssa.Selway@yopmail.com,doctor
555,Halette,Sallyann,Halette.Sallyann@yopmail.com,firefighter
556,Elka,Uird,Elka.Uird@yopmail.com,developer
557,Halette,Klotz,Halette.Klotz@yopmail.com,doctor
558,Sherrie,Ardra,Sherrie.Ardra@yopmail.com,police officer
559,Penelopa,Pitt,Penelopa.Pitt@yopmail.com,developer
560,Deedee,Lipson,Deedee.Lipson@yopmail.com,worker
561,Jacquetta,Delacourt,Jacquetta.Delacourt@yopmail.com,firefighter
562,Susan,Faust,Susan.Faust@yopmail.com,developer
563,Merrie,Podvin,Merrie.Podvin@yopmail.com,firefighter
564,Ann-Marie,Wadell,Ann-Marie.Wadell@yopmail.com,police officer
565,Mahalia,Gavrila,Mahalia.Gavrila@yopmail.com,developer
566,Yetty,Poppy,Yetty.Poppy@yopmail.com,doctor
567,Sheree,Krystle,Sheree.Krystle@yopmail.com,police officer
568,Malina,Latini,Malina.Latini@yopmail.com,worker
569,Marjie,Harday,Marjie.Harday@yopmail.com,developer
570,Dania,Koehler,Dania.Koehler@yopmail.com,worker
571,Abbie,Schonfeld,Abbie.Schonfeld@yopmail.com,worker
572,Viviene,Sperling,Viviene.Sperling@yopmail.com,firefighter
573,Rosene,Thornburg,Rosene.Thornburg@yopmail.com,doctor
574,Monika,Dimitris,Monika.Dimitris@yopmail.com,doctor
575,Deedee,Bohlin,Deedee.Bohlin@yopmail.com,firefighter
576,Robbi,Magdalen,Robbi.Magdalen@yopmail.com,firefighter
577,Sallie,Nore,Sallie.Nore@yopmail.com,police officer
578,Sarette,Keily,Sarette.Keily@yopmail.com,developer
579,Cyndie,Dash,Cyndie.Dash@yopmail.com,firefighter
580,Verla,Chapland,Verla.Chapland@yopmail.com,firefighter
581,Taffy,Ulphia,Taffy.Ulphia@yopmail.com,police officer
582,Annaliese,Idelia,Annaliese.Idelia@yopmail.com,developer
583,Tierney,Lanita,Tierney.Lanita@yopmail.com,police officer
584,June,Chapland,June.Chapland@yopmail.com,worker
585,Rosanne,Bobbee,Rosanne.Bobbee@yopmail.com,firefighter
586,Nannie,Wyn,Nannie.Wyn@yopmail.com,doctor
587,Lulita,Wolfgram,Lulita.Wolfgram@yopmail.com,police officer
588,Corina,Bettine,Corina.Bettine@yopmail.com,worker
589,Ileana,Gahl,Ileana.Gahl@yopmail.com,worker
590,Carolina,Bouchard,Carolina.Bouchard@yopmail.com,firefighter
591,Ellette,Ricki,Ellette.Ricki@yopmail.com,doctor
592,Frieda,Mozelle,Frieda.Mozelle@yopmail.com,firefighter
593,Cassandra,Silvan,Cassandra.Silvan@yopmail.com,worker
594,Linet,Rebecka,Linet.Rebecka@yopmail.com,police officer
595,Tilly,Chinua,Tilly.Chinua@yopmail.com,developer
596,Elie,Japeth,Elie.Japeth@yopmail.com,police officer
597,Dania,Annice,Dania.Annice@yopmail.com,doctor
598,Emelina,Alice,Emelina.Alice@yopmail.com,developer
599,Cherrita,Gamaliel,Cherrita.Gamaliel@yopmail.com,firefighter
600,Kathy,Winthorpe,Kathy.Winthorpe@yopmail.com,developer
601,Wilma,Johnsson,Wilma.Johnsson@yopmail.com,police officer
602,Jean,Pernick,Jean.Pernick@yopmail.com,doctor
603,Steffane,Ciapas,Steffane.Ciapas@yopmail.com,doctor
604,Caressa,Mintz,Caressa.Mintz@yopmail.com,police officer
605,Joy,Salvidor,Joy.Salvidor@yopmail.com,police officer
606,Ulrike,Amand,Ulrike.Amand@yopmail.com,developer
607,Juliane,Craggie,Juliane.Craggie@yopmail.com,firefighter
608,Ilse,Grimbly,Ilse.Grimbly@yopmail.com,developer
609,Roseline,Vins,Roseline.Vins@yopmail.com,developer
610,Thalia,Melan,Thalia.Melan@yopmail.com,developer
611,Cindelyn,Bobbee,Cindelyn.Bobbee@yopmail.com,firefighter
612,Ardenia,Sabella,Ardenia.Sabella@yopmail.com,doctor
613,Gilligan,Brittani,Gilligan.Brittani@yopmail.com,developer
614,Natka,Wenda,Natka.Wenda@yopmail.com,developer
615,Allis,Vastah,Allis.Vastah@yopmail.com,developer
616,Sadie,Radu,Sadie.Radu@yopmail.com,police officer
617,Roseline,Center,Roseline.Center@yopmail.com,police officer
618,Carolina,Croix,Carolina.Croix@yopmail.com,developer
619,Deane,Bryna,Deane.Bryna@yopmail.com,worker
620,Beth,Alfons,Beth.Alfons@yopmail.com,police officer
621,Marjie,Corilla,Marjie.Corilla@yopmail.com,police officer
622,Glenda,Koziara,Glenda.Koziara@yopmail.com,developer
623,Pollyanna,Mallon,Pollyanna.Mallon@yopmail.com,doctor
624,Deloria,Henebry,Deloria.Henebry@yopmail.com,developer
625,Jacquetta,Wallis,Jacquetta.Wallis@yopmail.com,worker
626,Steffane,Juliet,Steffane.Juliet@yopmail.com,developer
627,Josephine,Center,Josephine.Center@yopmail.com,police officer
628,Lelah,Corrine,Lelah.Corrine@yopmail.com,developer
629,Bee,Reidar,Bee.Reidar@yopmail.com,worker
630,Valeda,Stilwell,Valeda.Stilwell@yopmail.com,developer
631,Danny,Tamar,Danny.Tamar@yopmail.com,police officer
632,Cherilyn,Hertzfeld,Cherilyn.Hertzfeld@yopmail.com,developer
633,Aeriela,Ilka,Aeriela.Ilka@yopmail.com,doctor
634,Merry,Grayce,Merry.Grayce@yopmail.com,doctor
635,Clementine,Laurianne,Clementine.Laurianne@yopmail.com,developer
636,Hollie,Roarke,Hollie.Roarke@yopmail.com,firefighter
637,Helsa,Salvidor,Helsa.Salvidor@yopmail.com,worker
638,Kelly,Sikorski,Kelly.Sikorski@yopmail.com,police officer
639,Kary,Mozelle,Kary.Mozelle@yopmail.com,doctor
640,Tersina,Thilda,Tersina.Thilda@yopmail.com,firefighter
641,Nataline,Kesley,Nataline.Kesley@yopmail.com,worker
642,Andeee,Wenoa,Andeee.Wenoa@yopmail.com,doctor
643,Jillayne,Martguerita,Jillayne.Martguerita@yopmail.com,doctor
644,Gabi,Vivle,Gabi.Vivle@yopmail.com,doctor
645,Siana,Gusella,Siana.Gusella@yopmail.com,developer
646,Merrie,Schlosser,Merrie.Schlosser@yopmail.com,doctor
647,Barbara,Waldron,Barbara.Waldron@yopmail.com,developer
648,Linet,Diann,Linet.Diann@yopmail.com,developer
649,Candy,Norrie,Candy.Norrie@yopmail.com,police officer
650,Rori,Bertold,Rori.Bertold@yopmail.com,firefighter
651,Moyna,Sigfrid,Moyna.Sigfrid@yopmail.com,developer
652,Angelique,Geffner,Angelique.Geffner@yopmail.com,developer
653,Fayre,Fancie,Fayre.Fancie@yopmail.com,worker
654,Ofilia,Thar,Ofilia.Thar@yopmail.com,worker
655,Gertrud,Leonard,Gertrud.Leonard@yopmail.com,worker
656,Brena,Lipson,Brena.Lipson@yopmail.com,worker
657,Minne,Evvie,Minne.Evvie@yopmail.com,developer
658,Agathe,Velick,Agathe.Velick@yopmail.com,firefighter
659,Madalyn,Zrike,Madalyn.Zrike@yopmail.com,worker
660,Wendi,Francene,Wendi.Francene@yopmail.com,police officer
661,Adelle,Jeanne,Adelle.Jeanne@yopmail.com,police officer
662,Wanda,Slifka,Wanda.Slifka@yopmail.com,police officer
663,Larine,Sekofski,Larine.Sekofski@yopmail.com,police officer
664,Michaelina,Zetta,Michaelina.Zetta@yopmail.com,worker
665,Emilia,Camden,Emilia.Camden@yopmail.com,doctor
666,Cassondra,Kylander,Cassondra.Kylander@yopmail.com,doctor
667,Paola,Tristram,Paola.Tristram@yopmail.com,firefighter
668,Corene,Gherardo,Corene.Gherardo@yopmail.com,police officer
669,Lilith,Standing,Lilith.Standing@yopmail.com,developer
670,Tarra,Tryck,Tarra.Tryck@yopmail.com,firefighter
671,Bill,Euridice,Bill.Euridice@yopmail.com,firefighter
672,Katharina,Gregrory,Katharina.Gregrory@yopmail.com,firefighter
673,Feliza,Adamsen,Feliza.Adamsen@yopmail.com,firefighter
674,Dania,Bari,Dania.Bari@yopmail.com,worker
675,Gertrud,Valoniah,Gertrud.Valoniah@yopmail.com,worker
676,Wendi,Goerke,Wendi.Goerke@yopmail.com,doctor
677,Lanna,Germann,Lanna.Germann@yopmail.com,firefighter
678,Fawne,Dahlia,Fawne.Dahlia@yopmail.com,doctor
679,Annabela,Pulsifer,Annabela.Pulsifer@yopmail.com,firefighter
680,Sonni,Flita,Sonni.Flita@yopmail.com,firefighter
681,Kenna,Joseph,Kenna.Joseph@yopmail.com,developer
682,Katuscha,Cynar,Katuscha.Cynar@yopmail.com,developer
683,Agathe,Garrison,Agathe.Garrison@yopmail.com,firefighter
684,Quintina,Aida,Quintina.Aida@yopmail.com,doctor
685,Feliza,Timon,Feliza.Timon@yopmail.com,firefighter
686,Amii,Vorster,Amii.Vorster@yopmail.com,firefighter
687,Elbertina,Jaylene,Elbertina.Jaylene@yopmail.com,firefighter
688,Ekaterina,Himelman,Ekaterina.Himelman@yopmail.com,doctor
689,Sue,Morehouse,Sue.Morehouse@yopmail.com,doctor
690,Rozele,Old,Rozele.Old@yopmail.com,developer
691,Winifred,Thar,Winifred.Thar@yopmail.com,worker
692,Tonia,Urias,Tonia.Urias@yopmail.com,doctor
693,Tori,Albertine,Tori.Albertine@yopmail.com,firefighter
694,Gisela,Abram,Gisela.Abram@yopmail.com,firefighter
695,Cordi,Newell,Cordi.Newell@yopmail.com,police officer
696,Fayre,Emanuel,Fayre.Emanuel@yopmail.com,worker
697,Nollie,Destinee,Nollie.Destinee@yopmail.com,developer
698,Mallory,Concha,Mallory.Concha@yopmail.com,worker
699,Orelia,Japeth,Orelia.Japeth@yopmail.com,firefighter
700,Janeczka,Mintz,Janeczka.Mintz@yopmail.com,developer
701,Chrystel,Rad,Chrystel.Rad@yopmail.com,doctor
702,Kara-Lynn,Chrystel,Kara-Lynn.Chrystel@yopmail.com,worker
703,Laurene,Ledah,Laurene.Ledah@yopmail.com,worker
704,Angela,Leffen,Angela.Leffen@yopmail.com,firefighter
705,Margarette,Brenn,Margarette.Brenn@yopmail.com,doctor
706,Collen,Stav,Collen.Stav@yopmail.com,developer
707,Alyda,Ehrman,Alyda.Ehrman@yopmail.com,doctor
708,Madelle,Toor,Madelle.Toor@yopmail.com,worker
709,Roberta,Belldas,Roberta.Belldas@yopmail.com,doctor
710,Magdalena,Leler,Magdalena.Leler@yopmail.com,doctor
711,Noelle,Brunell,Noelle.Brunell@yopmail.com,firefighter
712,Catrina,Fairweather,Catrina.Fairweather@yopmail.com,developer
713,Berta,Gabrielli,Berta.Gabrielli@yopmail.com,firefighter
714,Corene,Sikorski,Corene.Sikorski@yopmail.com,firefighter
715,Roberta,Francene,Roberta.Francene@yopmail.com,doctor
716,Starla,Narton,Starla.Narton@yopmail.com,worker
717,Sabina,Winnick,Sabina.Winnick@yopmail.com,developer
718,Alyssa,Chobot,Alyssa.Chobot@yopmail.com,worker
719,Alisha,Baptlsta,Alisha.Baptlsta@yopmail.com,firefighter
720,Maryellen,Parette,Maryellen.Parette@yopmail.com,developer
721,Ottilie,Yoko,Ottilie.Yoko@yopmail.com,firefighter
722,Orsola,Rosette,Orsola.Rosette@yopmail.com,developer
723,Betta,Yorick,Betta.Yorick@yopmail.com,worker
724,Gratia,Breed,Gratia.Breed@yopmail.com,developer
725,Frances,Olympium,Frances.Olympium@yopmail.com,doctor
726,Adelle,Kannry,Adelle.Kannry@yopmail.com,developer
727,Rivalee,Magnolia,Rivalee.Magnolia@yopmail.com,firefighter
728,Lynea,Atcliffe,Lynea.Atcliffe@yopmail.com,developer
729,Clementine,Phyllis,Clementine.Phyllis@yopmail.com,worker
730,Nollie,Gombach,Nollie.Gombach@yopmail.com,police officer
731,Meriel,Rheingold,Meriel.Rheingold@yopmail.com,worker
732,Pierette,Breed,Pierette.Breed@yopmail.com,police officer
733,Kittie,Corrine,Kittie.Corrine@yopmail.com,worker
734,Frank,Yusuk,Frank.Yusuk@yopmail.com,doctor
735,Genovera,Cassius,Genovera.Cassius@yopmail.com,firefighter
736,Ebonee,Bonilla,Ebonee.Bonilla@yopmail.com,firefighter
737,Annecorinne,Rugen,Annecorinne.Rugen@yopmail.com,developer
738,Lynea,Ethban,Lynea.Ethban@yopmail.com,worker
739,Marleah,Suanne,Marleah.Suanne@yopmail.com,worker
740,Dione,Means,Dione.Means@yopmail.com,worker
741,Gloria,Durante,Gloria.Durante@yopmail.com,police officer
742,Tarra,Cottle,Tarra.Cottle@yopmail.com,police officer
743,Asia,Leifeste,Asia.Leifeste@yopmail.com,firefighter
744,Paule,Keelia,Paule.Keelia@yopmail.com,developer
745,Celene,Kiyoshi,Celene.Kiyoshi@yopmail.com,worker
746,Mara,Kravits,Mara.Kravits@yopmail.com,firefighter
747,Jorry,Firmin,Jorry.Firmin@yopmail.com,firefighter
748,Dorene,Slifka,Dorene.Slifka@yopmail.com,worker
749,Alleen,Anyah,Alleen.Anyah@yopmail.com,police officer
750,Reeba,Tristram,Reeba.Tristram@yopmail.com,firefighter
751,Darlleen,Chabot,Darlleen.Chabot@yopmail.com,doctor
752,Mary,Jaylene,Mary.Jaylene@yopmail.com,doctor
753,Tami,Kermit,Tami.Kermit@yopmail.com,doctor
754,Ardeen,Terencio,Ardeen.Terencio@yopmail.com,worker
755,Annora,Bigner,Annora.Bigner@yopmail.com,worker
756,Myriam,Si,Myriam.Si@yopmail.com,developer
757,Gilligan,Karna,Gilligan.Karna@yopmail.com,worker
758,Allis,Luhe,Allis.Luhe@yopmail.com,developer
759,Harrietta,Saunderson,Harrietta.Saunderson@yopmail.com,doctor
760,Sue,Gombach,Sue.Gombach@yopmail.com,doctor
761,Odessa,Federica,Odessa.Federica@yopmail.com,worker
762,Kenna,Caitlin,Kenna.Caitlin@yopmail.com,firefighter
763,Almeta,Chapland,Almeta.Chapland@yopmail.com,worker
764,Kimberley,Cherianne,Kimberley.Cherianne@yopmail.com,doctor
765,Jorry,Marsden,Jorry.Marsden@yopmail.com,doctor
766,Brianna,Taima,Brianna.Taima@yopmail.com,police officer
767,Peri,Rudolph,Peri.Rudolph@yopmail.com,worker
768,Ann-Marie,Holtz,Ann-Marie.Holtz@yopmail.com,developer
769,Nelle,Revkah,Nelle.Revkah@yopmail.com,doctor
770,Janey,Koehler,Janey.Koehler@yopmail.com,worker
771,Alie,Bultman,Alie.Bultman@yopmail.com,firefighter
772,Courtnay,Carleen,Courtnay.Carleen@yopmail.com,developer
773,Elmira,Liva,Elmira.Liva@yopmail.com,police officer
774,Ericka,Hirsch,Ericka.Hirsch@yopmail.com,doctor
775,Nadine,Decato,Nadine.Decato@yopmail.com,developer
776,Jobi,Rooney,Jobi.Rooney@yopmail.com,doctor
777,Ethel,Justinn,Ethel.Justinn@yopmail.com,police officer
778,Binny,Kiyoshi,Binny.Kiyoshi@yopmail.com,developer
779,Jobi,Norrie,Jobi.Norrie@yopmail.com,doctor
780,Bernardine,Lail,Bernardine.Lail@yopmail.com,worker
781,Emelina,Madox,Emelina.Madox@yopmail.com,doctor
782,Pierette,Carey,Pierette.Carey@yopmail.com,doctor
783,Hayley,Nelsen,Hayley.Nelsen@yopmail.com,doctor
784,Kristina,Eldrid,Kristina.Eldrid@yopmail.com,developer
785,Leanna,Gale,Leanna.Gale@yopmail.com,developer
786,Collen,Clarissa,Collen.Clarissa@yopmail.com,worker
787,Chere,Nadia,Chere.Nadia@yopmail.com,developer
788,Ayn,Gherardo,Ayn.Gherardo@yopmail.com,worker
789,Averyl,Merat,Averyl.Merat@yopmail.com,developer
790,Karly,Oneida,Karly.Oneida@yopmail.com,developer
791,Nariko,Middleton,Nariko.Middleton@yopmail.com,police officer
792,Raquela,Thema,Raquela.Thema@yopmail.com,firefighter
793,Caryl,Evvie,Caryl.Evvie@yopmail.com,police officer
794,Ruthe,Timon,Ruthe.Timon@yopmail.com,doctor
795,Millie,Chesna,Millie.Chesna@yopmail.com,worker
796,Agnese,Gibbeon,Agnese.Gibbeon@yopmail.com,developer
797,Harmonia,Hutchison,Harmonia.Hutchison@yopmail.com,developer
798,Kylynn,Edmund,Kylynn.Edmund@yopmail.com,worker
799,Paulita,Cath,Paulita.Cath@yopmail.com,worker
800,Margarette,Minetta,Margarette.Minetta@yopmail.com,doctor
801,Cristine,Hieronymus,Cristine.Hieronymus@yopmail.com,firefighter
802,Asia,Pettiford,Asia.Pettiford@yopmail.com,developer
803,Judy,Muriel,Judy.Muriel@yopmail.com,developer
804,Tersina,Wareing,Tersina.Wareing@yopmail.com,police officer
805,Andree,Rosalba,Andree.Rosalba@yopmail.com,worker
806,Elena,Liebermann,Elena.Liebermann@yopmail.com,doctor
807,Catrina,Behre,Catrina.Behre@yopmail.com,worker
808,Adele,Mitzi,Adele.Mitzi@yopmail.com,developer
809,Alameda,Parette,Alameda.Parette@yopmail.com,developer
810,Jerry,Gaynor,Jerry.Gaynor@yopmail.com,developer
811,Jany,Thilda,Jany.Thilda@yopmail.com,doctor
812,Krystle,Neva,Krystle.Neva@yopmail.com,developer
813,Jany,Bluh,Jany.Bluh@yopmail.com,police officer
814,Meriel,Swanhildas,Meriel.Swanhildas@yopmail.com,developer
815,Ada,Donoghue,Ada.Donoghue@yopmail.com,firefighter
816,Karena,Sholley,Karena.Sholley@yopmail.com,doctor
817,Gwyneth,Fosque,Gwyneth.Fosque@yopmail.com,police officer
818,Xylina,Ephrem,Xylina.Ephrem@yopmail.com,developer
819,Nelle,Doig,Nelle.Doig@yopmail.com,worker
820,Rhea,Zeeba,Rhea.Zeeba@yopmail.com,worker
821,Tera,Schlosser,Tera.Schlosser@yopmail.com,developer
822,Perry,Goth,Perry.Goth@yopmail.com,worker
823,Carol-Jean,Rooney,Carol-Jean.Rooney@yopmail.com,developer
824,Rhea,Hartnett,Rhea.Hartnett@yopmail.com,developer
825,Wilma,Pettiford,Wilma.Pettiford@yopmail.com,police officer
826,Gwyneth,Schalles,Gwyneth.Schalles@yopmail.com,doctor
827,Letizia,Payson,Letizia.Payson@yopmail.com,worker
828,Babita,Helfand,Babita.Helfand@yopmail.com,doctor
829,Steffane,Koziara,Steffane.Koziara@yopmail.com,firefighter
830,Rebeca,Durware,Rebeca.Durware@yopmail.com,firefighter
831,Natka,Nester,Natka.Nester@yopmail.com,police officer
832,Iseabal,Zeeba,Iseabal.Zeeba@yopmail.com,firefighter
833,Lila,Robertson,Lila.Robertson@yopmail.com,worker
834,Dania,Stover,Dania.Stover@yopmail.com,developer
835,Fredericka,Mullane,Fredericka.Mullane@yopmail.com,worker
836,Konstance,Stilwell,Konstance.Stilwell@yopmail.com,doctor
837,Anica,Arne,Anica.Arne@yopmail.com,developer
838,Cathie,Ventre,Cathie.Ventre@yopmail.com,developer
839,Devina,My,Devina.My@yopmail.com,police officer
840,Jillayne,Decato,Jillayne.Decato@yopmail.com,developer
841,Deloria,Brenn,Deloria.Brenn@yopmail.com,developer
842,Kelly,Posner,Kelly.Posner@yopmail.com,worker
843,Fawne,Hylan,Fawne.Hylan@yopmail.com,worker
844,Carlie,Gusella,Carlie.Gusella@yopmail.com,firefighter
845,Cyndie,Willie,Cyndie.Willie@yopmail.com,police officer
846,Elise,Ralfston,Elise.Ralfston@yopmail.com,firefighter
847,Lory,Sholley,Lory.Sholley@yopmail.com,worker
848,Tori,Silvan,Tori.Silvan@yopmail.com,police officer
849,Estell,Thar,Estell.Thar@yopmail.com,firefighter
850,Ezmeralda,Virgin,Ezmeralda.Virgin@yopmail.com,developer
851,Olwen,Nicoline,Olwen.Nicoline@yopmail.com,firefighter
852,Joane,Rudolph,Joane.Rudolph@yopmail.com,doctor
853,Susan,Shuler,Susan.Shuler@yopmail.com,worker
854,Kalina,Tacye,Kalina.Tacye@yopmail.com,firefighter
855,Jsandye,Nickola,Jsandye.Nickola@yopmail.com,worker
856,Fernande,Jorgan,Fernande.Jorgan@yopmail.com,doctor
857,Jacenta,Auberbach,Jacenta.Auberbach@yopmail.com,worker
858,Jaclyn,Dichy,Jaclyn.Dichy@yopmail.com,firefighter
859,Debee,Brieta,Debee.Brieta@yopmail.com,worker
860,Kial,Amadas,Kial.Amadas@yopmail.com,police officer
861,Dolli,Lindemann,Dolli.Lindemann@yopmail.com,doctor
862,Rori,Allina,Rori.Allina@yopmail.com,firefighter
863,Bobinette,Federica,Bobinette.Federica@yopmail.com,police officer
864,Laurene,Carvey,Laurene.Carvey@yopmail.com,developer
865,Addia,Pillsbury,Addia.Pillsbury@yopmail.com,police officer
866,Rivalee,Diann,Rivalee.Diann@yopmail.com,doctor
867,Silvana,Mike,Silvana.Mike@yopmail.com,police officer
868,Gertrud,Ogren,Gertrud.Ogren@yopmail.com,doctor
869,Merry,Bakerman,Merry.Bakerman@yopmail.com,developer
870,Camile,Douglass,Camile.Douglass@yopmail.com,worker
871,Letizia,Ailyn,Letizia.Ailyn@yopmail.com,worker
872,Rochette,Eno,Rochette.Eno@yopmail.com,developer
873,Silvana,Allys,Silvana.Allys@yopmail.com,police officer
874,Hayley,Wilona,Hayley.Wilona@yopmail.com,doctor
875,Nataline,Baylor,Nataline.Baylor@yopmail.com,worker
876,Brana,Modie,Brana.Modie@yopmail.com,police officer
877,Mathilda,Bebe,Mathilda.Bebe@yopmail.com,worker
878,Mariann,Craggie,Mariann.Craggie@yopmail.com,worker
879,Constance,Ferino,Constance.Ferino@yopmail.com,firefighter
880,Lesly,Alrich,Lesly.Alrich@yopmail.com,firefighter
881,Dulce,Bonilla,Dulce.Bonilla@yopmail.com,worker
882,Lacie,Ophelia,Lacie.Ophelia@yopmail.com,developer
883,Misha,Greenwald,Misha.Greenwald@yopmail.com,police officer
884,Frieda,Letsou,Frieda.Letsou@yopmail.com,police officer
885,Carmela,Ferrell,Carmela.Ferrell@yopmail.com,police officer
886,Kamilah,Terrence,Kamilah.Terrence@yopmail.com,police officer
887,Kary,Gaspard,Kary.Gaspard@yopmail.com,worker
888,Jere,Herrera,Jere.Herrera@yopmail.com,firefighter
889,Cindelyn,Haldas,Cindelyn.Haldas@yopmail.com,firefighter
890,Robinia,Ajay,Robinia.Ajay@yopmail.com,worker
891,Noelle,Crudden,Noelle.Crudden@yopmail.com,doctor
892,Charissa,Dorcy,Charissa.Dorcy@yopmail.com,police officer
893,Frank,Mitzi,Frank.Mitzi@yopmail.com,police officer
894,Gusty,Atcliffe,Gusty.Atcliffe@yopmail.com,police officer
895,Deedee,Hepsibah,Deedee.Hepsibah@yopmail.com,firefighter
896,Tobe,Janith,Tobe.Janith@yopmail.com,worker
897,Marjie,Gerge,Marjie.Gerge@yopmail.com,worker
898,Hayley,Aprile,Hayley.Aprile@yopmail.com,firefighter
899,Petronia,Fancie,Petronia.Fancie@yopmail.com,police officer
900,Christal,Hutchison,Christal.Hutchison@yopmail.com,developer
901,Zia,Freddi,Zia.Freddi@yopmail.com,police officer
902,Heida,Bouchard,Heida.Bouchard@yopmail.com,firefighter
903,Josephine,Palocz,Josephine.Palocz@yopmail.com,doctor
904,Hope,Maxi,Hope.Maxi@yopmail.com,doctor
905,Emmey,Justinn,Emmey.Justinn@yopmail.com,developer
906,Margarette,Marsden,Margarette.Marsden@yopmail.com,worker
907,Corene,Leler,Corene.Leler@yopmail.com,doctor
908,Tatiania,Elvyn,Tatiania.Elvyn@yopmail.com,worker
909,Audrie,Haldas,Audrie.Haldas@yopmail.com,doctor
910,Tersina,Henebry,Tersina.Henebry@yopmail.com,doctor
911,Lilith,Ammann,Lilith.Ammann@yopmail.com,firefighter
912,Orsola,Chauncey,Orsola.Chauncey@yopmail.com,doctor
913,Elbertina,Halsey,Elbertina.Halsey@yopmail.com,firefighter
914,Selma,Toni,Selma.Toni@yopmail.com,firefighter
915,Glenda,Roarke,Glenda.Roarke@yopmail.com,doctor
916,Talya,Hachmin,Talya.Hachmin@yopmail.com,firefighter
917,Nerta,Autrey,Nerta.Autrey@yopmail.com,developer
918,Janis,Kenwood,Janis.Kenwood@yopmail.com,firefighter
919,Corly,Kirstin,Corly.Kirstin@yopmail.com,firefighter
920,Mariann,Ranjiv,Mariann.Ranjiv@yopmail.com,firefighter
921,Fanchon,Nedrud,Fanchon.Nedrud@yopmail.com,firefighter
922,Ronna,Minetta,Ronna.Minetta@yopmail.com,developer
923,Hope,Fleeta,Hope.Fleeta@yopmail.com,developer
924,Coral,Sprage,Coral.Sprage@yopmail.com,worker
925,Clementine,Brian,Clementine.Brian@yopmail.com,firefighter
926,June,Claudine,June.Claudine@yopmail.com,police officer
927,Courtnay,Berne,Courtnay.Berne@yopmail.com,firefighter
928,Sadie,Knowling,Sadie.Knowling@yopmail.com,worker
929,Selia,Stilwell,Selia.Stilwell@yopmail.com,firefighter
930,Rayna,Chabot,Rayna.Chabot@yopmail.com,worker
931,Kellen,Weide,Kellen.Weide@yopmail.com,worker
932,Beth,Infield,Beth.Infield@yopmail.com,worker
933,Merle,Myrilla,Merle.Myrilla@yopmail.com,doctor
934,Genevra,Bobbee,Genevra.Bobbee@yopmail.com,developer
935,Lelah,Erskine,Lelah.Erskine@yopmail.com,developer
936,Sybille,Klotz,Sybille.Klotz@yopmail.com,developer
937,Merci,Kosey,Merci.Kosey@yopmail.com,police officer
938,Codie,Bronk,Codie.Bronk@yopmail.com,worker
939,Annice,Engdahl,Annice.Engdahl@yopmail.com,developer
940,Ira,Cecile,Ira.Cecile@yopmail.com,developer
941,Fina,Raimondo,Fina.Raimondo@yopmail.com,developer
942,Felice,An,Felice.An@yopmail.com,developer
943,Peri,Persse,Peri.Persse@yopmail.com,developer
944,Max,Warthman,Max.Warthman@yopmail.com,doctor
945,Kathi,Papageno,Kathi.Papageno@yopmail.com,worker
946,Audrie,Kenwood,Audrie.Kenwood@yopmail.com,worker
947,Hollie,Odysseus,Hollie.Odysseus@yopmail.com,developer
948,Kassey,Faust,Kassey.Faust@yopmail.com,police officer
949,Caritta,Cynar,Caritta.Cynar@yopmail.com,doctor
950,Tabbatha,Marden,Tabbatha.Marden@yopmail.com,doctor
951,Leanna,Dominy,Leanna.Dominy@yopmail.com,firefighter
952,Korrie,Nester,Korrie.Nester@yopmail.com,firefighter
953,Nessie,Kirstin,Nessie.Kirstin@yopmail.com,doctor
954,Louella,Read,Louella.Read@yopmail.com,firefighter
955,Ninnetta,McAdams,Ninnetta.McAdams@yopmail.com,developer
956,Betta,Bouchard,Betta.Bouchard@yopmail.com,developer
957,Lila,Paine,Lila.Paine@yopmail.com,firefighter
958,Hermione,Lorenz,Hermione.Lorenz@yopmail.com,worker
959,Marika,Ramona,Marika.Ramona@yopmail.com,doctor
960,Fernande,Fillbert,Fernande.Fillbert@yopmail.com,police officer
961,Jemie,Tyson,Jemie.Tyson@yopmail.com,worker
962,Jerry,Lowry,Jerry.Lowry@yopmail.com,worker
963,Mathilda,Jary,Mathilda.Jary@yopmail.com,worker
964,Jessy,Marcellus,Jessy.Marcellus@yopmail.com,police officer
965,Cathie,Amethist,Cathie.Amethist@yopmail.com,doctor
966,Amara,Mullane,Amara.Mullane@yopmail.com,developer
967,Candy,Gaynor,Candy.Gaynor@yopmail.com,police officer
968,Justinn,Grosz,Justinn.Grosz@yopmail.com,doctor
969,Mary,Fitzsimmons,Mary.Fitzsimmons@yopmail.com,worker
970,Carilyn,Dearborn,Carilyn.Dearborn@yopmail.com,police officer
971,Nataline,Lanita,Nataline.Lanita@yopmail.com,doctor
972,Helsa,Bobbee,Helsa.Bobbee@yopmail.com,developer
973,Latisha,Saunderson,Latisha.Saunderson@yopmail.com,developer
974,Aimil,Madelene,Aimil.Madelene@yopmail.com,firefighter
975,Margette,Ball,Margette.Ball@yopmail.com,worker
976,Adriana,Tengdin,Adriana.Tengdin@yopmail.com,police officer
977,Anestassia,Honoria,Anestassia.Honoria@yopmail.com,police officer
978,Sadie,Teryn,Sadie.Teryn@yopmail.com,developer
979,Christy,Syd,Christy.Syd@yopmail.com,worker
980,Roseline,Angelis,Roseline.Angelis@yopmail.com,police officer
981,Helsa,Mich,Helsa.Mich@yopmail.com,doctor
982,Alyssa,Junie,Alyssa.Junie@yopmail.com,police officer
983,Candi,Fredi,Candi.Fredi@yopmail.com,firefighter
984,Rani,Raffo,Rani.Raffo@yopmail.com,worker
985,Sibella,Hoenack,Sibella.Hoenack@yopmail.com,doctor
986,Sherrie,Dimitris,Sherrie.Dimitris@yopmail.com,firefighter
987,Gavrielle,Saree,Gavrielle.Saree@yopmail.com,firefighter
988,Ernesta,Adrienne,Ernesta.Adrienne@yopmail.com,police officer
989,Michaelina,Reneta,Michaelina.Reneta@yopmail.com,worker
990,Paola,Jess,Paola.Jess@yopmail.com,firefighter
991,Winifred,Hurley,Winifred.Hurley@yopmail.com,firefighter
992,Carly,Oriana,Carly.Oriana@yopmail.com,worker
993,Ana,Delacourt,Ana.Delacourt@yopmail.com,developer
994,Karena,Smitt,Karena.Smitt@yopmail.com,developer
995,Cecile,Si,Cecile.Si@yopmail.com,doctor
996,Kittie,Allina,Kittie.Allina@yopmail.com,worker
997,Tressa,Ricki,Tressa.Ricki@yopmail.com,doctor
998,Zaria,Deegan,Zaria.Deegan@yopmail.com,developer
999,Marti,Mozelle,Marti.Mozelle@yopmail.com,firefighter
1000,Daryl,Glenden,Daryl.Glenden@yopmail.com,developer
1001,Justinn,Aldric,Justinn.Aldric@yopmail.com,developer
1002,Alia,Kunin,Alia.Kunin@yopmail.com,doctor
1003,Sara-Ann,Holtz,Sara-Ann.Holtz@yopmail.com,firefighter
1004,Zsa Zsa,Atcliffe,Zsa Zsa.Atcliffe@yopmail.com,police officer
1005,Barbi,Chaing,Barbi.Chaing@yopmail.com,doctor
1006,Shauna,Audly,Shauna.Audly@yopmail.com,firefighter
1007,Evita,Jehu,Evita.Jehu@yopmail.com,police officer
1008,Marinna,Toffic,Marinna.Toffic@yopmail.com,firefighter
1009,Quintina,Sabella,Quintina.Sabella@yopmail.com,firefighter
1010,Gavrielle,Letsou,Gavrielle.Letsou@yopmail.com,police officer
1011,Briney,Chandler,Briney.Chandler@yopmail.com,worker
1012,Kimmy,Buttaro,Kimmy.Buttaro@yopmail.com,doctor
1013,Elbertina,Shanley,Elbertina.Shanley@yopmail.com,firefighter
1014,Rori,Hashim,Rori.Hashim@yopmail.com,worker
1015,Gavrielle,Concha,Gavrielle.Concha@yopmail.com,doctor
1016,Caressa,Wu,Caressa.Wu@yopmail.com,developer
1017,Kristina,Girardo,Kristina.Girardo@yopmail.com,doctor
1018,Flory,Cherianne,Flory.Cherianne@yopmail.com,firefighter
1019,Trixi,Thomasina,Trixi.Thomasina@yopmail.com,firefighter
1020,Monika,Toffic,Monika.Toffic@yopmail.com,worker
1021,Sibella,Arley,Sibella.Arley@yopmail.com,developer
1022,Elora,Roumell,Elora.Roumell@yopmail.com,doctor
1023,Shannah,Dex,Shannah.Dex@yopmail.com,doctor
1024,Jorry,Kronfeld,Jorry.Kronfeld@yopmail.com,police officer
1025,Joeann,Medrek,Joeann.Medrek@yopmail.com,doctor
1026,Dari,Burkle,Dari.Burkle@yopmail.com,firefighter
1027,Karena,Demitria,Karena.Demitria@yopmail.com,police officer
1028,Tersina,Pierette,Tersina.Pierette@yopmail.com,police officer
1029,Micheline,Cynar,Micheline.Cynar@yopmail.com,developer
1030,Henriette,Dominy,Henriette.Dominy@yopmail.com,developer
1031,Paule,Rona,Paule.Rona@yopmail.com,worker
1032,Gwyneth,Margret,Gwyneth.Margret@yopmail.com,police officer
1033,Helena,Kaja,Helena.Kaja@yopmail.com,doctor
1034,Karly,LaRue,Karly.LaRue@yopmail.com,developer
1035,Orelia,Sandye,Orelia.Sandye@yopmail.com,developer
1036,Nita,Artie,Nita.Artie@yopmail.com,firefighter
1037,Teriann,Denis,Teriann.Denis@yopmail.com,doctor
1038,Cindelyn,Bryna,Cindelyn.Bryna@yopmail.com,worker
1039,Britte,Henebry,Britte.Henebry@yopmail.com,police officer
1040,Mallory,Anyah,Mallory.Anyah@yopmail.com,doctor
1041,Malina,Thilda,Malina.Thilda@yopmail.com,developer
1042,Dagmar,Hashim,Dagmar.Hashim@yopmail.com,doctor
1043,Taffy,O'Carroll,Taffy.O'Carroll@yopmail.com,worker
1044,Perry,Suanne,Perry.Suanne@yopmail.com,developer
1045,Vivia,Niccolo,Vivia.Niccolo@yopmail.com,firefighter
1046,Feliza,Tice,Feliza.Tice@yopmail.com,doctor
1047,Meghann,Ezar,Meghann.Ezar@yopmail.com,worker
1048,Caryl,Ventre,Caryl.Ventre@yopmail.com,police officer
1049,Georgina,Dannye,Georgina.Dannye@yopmail.com,doctor
1050,Margalo,Abernon,Margalo.Abernon@yopmail.com,police officer
1051,Hyacinthe,Smitt,Hyacinthe.Smitt@yopmail.com,firefighter
1052,Lonnie,Arquit,Lonnie.Arquit@yopmail.com,doctor
1053,Margette,Gunn,Margette.Gunn@yopmail.com,doctor
1054,Ricky,Lumbard,Ricky.Lumbard@yopmail.com,developer
1055,Rani,Masao,Rani.Masao@yopmail.com,firefighter
1056,Jillayne,Hachmin,Jillayne.Hachmin@yopmail.com,police officer
1057,Asia,Ricki,Asia.Ricki@yopmail.com,firefighter
1058,Louella,Gale,Louella.Gale@yopmail.com,developer
1059,Cissiee,Margarete,Cissiee.Margarete@yopmail.com,doctor
1060,Sam,Faso,Sam.Faso@yopmail.com,doctor
1061,Danika,Joeann,Danika.Joeann@yopmail.com,police officer
1062,Merrie,Holbrook,Merrie.Holbrook@yopmail.com,police officer
1063,Angela,Braun,Angela.Braun@yopmail.com,worker
1064,Millie,Crudden,Millie.Crudden@yopmail.com,firefighter
1065,Lauryn,Philipp,Lauryn.Philipp@yopmail.com,doctor
1066,Anestassia,Dituri,Anestassia.Dituri@yopmail.com,police officer
1067,Gwyneth,Teddman,Gwyneth.Teddman@yopmail.com,doctor
1068,Ada,Palocz,Ada.Palocz@yopmail.com,doctor
1069,Halette,Liva,Halette.Liva@yopmail.com,police officer
1070,Dulce,Azeria,Dulce.Azeria@yopmail.com,police officer
1071,Dede,Minetta,Dede.Minetta@yopmail.com,worker
1072,Clo,Jehu,Clo.Jehu@yopmail.com,police officer
1073,Melisent,Anestassia,Melisent.Anestassia@yopmail.com,worker
1074,Robinia,Jehu,Robinia.Jehu@yopmail.com,firefighter
1075,Pierette,Suanne,Pierette.Suanne@yopmail.com,developer
1076,Vonny,Khorma,Vonny.Khorma@yopmail.com,police officer
1077,Tilly,Ioab,Tilly.Ioab@yopmail.com,firefighter
1078,Adele,Oriana,Adele.Oriana@yopmail.com,police officer
1079,Dulcinea,Obed,Dulcinea.Obed@yopmail.com,firefighter
1080,Mireielle,Sawtelle,Mireielle.Sawtelle@yopmail.com,developer
1081,Lesly,Lane,Lesly.Lane@yopmail.com,firefighter
1082,Imojean,Natica,Imojean.Natica@yopmail.com,developer
1083,Melina,Stover,Melina.Stover@yopmail.com,developer
1084,Correy,Geffner,Correy.Geffner@yopmail.com,developer
1085,Karina,Elbertina,Karina.Elbertina@yopmail.com,doctor
1086,Chickie,Dearborn,Chickie.Dearborn@yopmail.com,doctor
1087,Frank,Frendel,Frank.Frendel@yopmail.com,worker
1088,Georgetta,Belldas,Georgetta.Belldas@yopmail.com,doctor
1089,Charmaine,MacIntosh,Charmaine.MacIntosh@yopmail.com,doctor
1090,Fawne,Argus,Fawne.Argus@yopmail.com,developer
1091,Arlina,Thunell,Arlina.Thunell@yopmail.com,developer
1092,Micheline,Keelia,Micheline.Keelia@yopmail.com,doctor
1093,Ernesta,Rustice,Ernesta.Rustice@yopmail.com,worker
1094,Vonny,Decato,Vonny.Decato@yopmail.com,firefighter
1095,Sindee,Nedrud,Sindee.Nedrud@yopmail.com,worker
1096,Veda,Darian,Veda.Darian@yopmail.com,police officer
1097,Emelina,Joni,Emelina.Joni@yopmail.com,firefighter
1098,Alyssa,Rillings,Alyssa.Rillings@yopmail.com,developer
1099,Janey,Emmaline,Janey.Emmaline@yopmail.com,developer